,db,ticker,date,open,high,low,adj_close,rownumber,short_ema,medium_ema,long_ema,positive_directional_index_indicator,negative_directional_index_indicator,adx_indicator,suport_line,resistance_line,max_axis,min_axis,trigger_field1,trigger_field2,trigger_field3,trigger_field4,trigger_field5,trigger_field6,atr,floatshort,company,earnings_date,call_time,estimate_eps,zero_line,twenty_five_line,forty_line,max_avg_upper,min_avg_low,name,industry,vol_spike_bar
0,MD_Investm,AJRD,10/20/2021,44.06,44.5,43.99,44.09,13,43.89,43.46,43.28,32.62,8.23,65.23,41.1,49.5,54.82,35.87,"rgb(232, 232, 232)","rgb(77, 167, 75)","rgb(232, 232, 232)","rgb(232, 232, 232)","rgb(232, 232, 232)","rgb(232, 232, 232)",0.99,7.88,,,,,0,25,40,40.743023,5.620697,Aerojet Rocketdyne Holdings Inc ,Aerospace Defense Major Diversified,0
1,MD_Investm,AJX,6/21/2021,12.45,12.91,12.38,12.75,98,12.69,12.69,12.59,34.97,24.54,-8.78,12.16,14.38,16.21,10.93,"rgb(232, 232, 232)","rgb(232, 232, 232)","rgb(232, 232, 232)","rgb(232, 232, 232)","rgb(232, 232, 232)","rgb(232, 232, 232)",0.46,2.71,,,,,0,25,40,30.802558,14.251162,Great Ajax Corp,REIT,0
2,MD_Investm,AJX,9/2/2021,14.17,14.17,13.9,13.95,46,13.85,13.84,13.65,31.06,14.39,1.8,12.16,14.38,16.21,10.93,"rgb(232, 232, 232)","rgb(232, 232, 232)","rgb(232, 232, 232)","rgb(232, 232, 232)","rgb(232, 232, 232)","rgb(232, 232, 232)",0.46,2.71,,,,,0,25,40,30.802558,14.251162,Great Ajax Corp,REIT,0
3,MD_Investm,AJX,9/14/2021,13.74,13.74,13.54,13.57,39,13.69,13.67,13.58,15.87,30.16,-27.89,12.16,14.38,16.21,10.93,"rgb(232, 232, 232)","rgb(232, 232, 232)","rgb(232, 232, 232)","rgb(232, 232, 232)","rgb(232, 232, 232)","rgb(232, 232, 232)",0.46,2.71,,,,,0,25,40,30.802558,14.251162,Great Ajax Corp,REIT,0
4,MD_Investm,AJX,10/27/2021,14.27,14.33,14.15,14.22,8,14.22,14.11,13.98,28.28,22.22,49.46,12.16,14.38,16.21,10.93,"rgb(232, 232, 232)","rgb(255, 0, 0)","rgb(232, 232, 232)","rgb(232, 232, 232)","rgb(232, 232, 232)","rgb(232, 232, 232)",0.46,2.71,,,,,0,25,40,30.802558,14.251162,Great Ajax Corp,REIT,0
5,MD_Investm,AJX,11/4/2021,14.36,14.45,14.17,14.35,2,14.3,14.24,14.1,17.19,14.06,9.31,12.16,14.38,16.21,10.93,"rgb(232, 232, 232)","rgb(232, 232, 232)","rgb(232, 232, 232)","rgb(232, 232, 232)","rgb(232, 232, 232)","rgb(232, 232, 232)",0.46,2.71,,,,,0,25,40,30.802558,14.251162,Great Ajax Corp,REIT,0
6,MD_Investm,AKAM,7/8/2021,116.82,118.23,116.16,117.72,86,117.48,117.35,116.83,7.26,19.98,-21.29,101.88,120,132.75,91.2,"rgb(232, 232, 232)","rgb(255, 0, 0)","rgb(232, 232, 232)","rgb(232, 232, 232)","rgb(232, 232, 232)","rgb(232, 232, 232)",4.7,5.84,,,,,0,25,40,32.609534,5.802325,Akamai Technologies Inc,Internet Information Providers,0
7,MD_Investm,AKAM,7/16/2021,116.87,117.84,116.4,117.03,80,116.87,116.78,116.77,14.47,14.12,-21.73,101.88,120,132.75,91.2,"rgb(232, 232, 232)","rgb(232, 232, 232)","rgb(232, 232, 232)","rgb(232, 232, 232)","rgb(232, 232, 232)","rgb(232, 232, 232)",4.7,5.84,,,,,0,25,40,32.609534,5.802325,Akamai Technologies Inc,Internet Information Providers,0
8,MD_Investm,AFYA,8/16/2021,22.4,22.4,20.96,21.02,59,22.26,22.5,23.03,5.91,40.11,-28.94,16.22,27.06,31.05,14.51,"rgb(232, 232, 232)","rgb(255, 0, 0)","rgb(232, 232, 232)","rgb(255, 255, 0)","rgb(255, 255, 0)","rgb(255, 255, 0)",0.68,1.71,Afya Ltd,11/22/2021,Before Market Open,0.21,0,25,40,33.276046,6.452093,Afya Limited ,#N/A,0
9,MD_Investm,AFYA,9/3/2021,21.96,22.63,21.84,22.06,45,21.64,21.76,22.26,37.07,14.87,9.47,16.22,27.06,31.05,14.51,"rgb(232, 232, 232)","rgb(232, 232, 232)","rgb(232, 232, 232)","rgb(232, 232, 232)","rgb(232, 232, 232)","rgb(232, 232, 232)",0.68,1.71,Afya Ltd,11/22/2021,Before Market Open,0.21,0,25,40,33.276046,6.452093,Afya Limited ,#N/A,0
10,MD_Investm,AG,6/30/2021,15.4,15.91,15.27,15.81,91,15.8,16.47,16.57,14.38,26.8,-50.77,10.7,17.52,20.36,9.41,"rgb(232, 232, 232)","rgb(255, 0, 0)","rgb(232, 232, 232)","rgb(232, 232, 232)","rgb(232, 232, 232)","rgb(232, 232, 232)",0.75,8.29,,,,,0,25,40,32.831395,10.90279,First Majestic Silver Corp,Silver,0
11,MD_Investm,AG,7/16/2021,13.7,13.85,12.85,12.97,80,13.75,14.28,14.91,2.97,45.4,-63.12,10.7,17.52,20.36,9.41,"rgb(232, 232, 232)","rgb(255, 0, 0)","rgb(232, 232, 232)","rgb(255, 255, 0)","rgb(255, 255, 0)","rgb(255, 255, 0)",0.75,8.29,,,,,0,25,40,32.831395,10.90279,First Majestic Silver Corp,Silver,0
12,MD_Investm,AG,9/23/2021,12.15,12.2,11.86,11.94,32,12.18,12.28,12.26,21.25,30.04,-28.67,10.7,17.52,20.36,9.41,"rgb(232, 232, 232)","rgb(255, 0, 0)","rgb(232, 232, 232)","rgb(232, 232, 232)","rgb(232, 232, 232)","rgb(232, 232, 232)",0.75,8.29,,,,,0,25,40,32.831395,10.90279,First Majestic Silver Corp,Silver,0
13,MD_Investm,AG,9/24/2021,11.83,12.1,11.73,11.79,31,12.06,12.2,12.18,17.97,30.86,-35.12,10.7,17.52,20.36,9.41,"rgb(232, 232, 232)","rgb(255, 0, 0)","rgb(232, 232, 232)","rgb(232, 232, 232)","rgb(232, 232, 232)","rgb(232, 232, 232)",0.75,8.29,,,,,0,25,40,32.831395,10.90279,First Majestic Silver Corp,Silver,0
14,MD_Investm,AG,10/25/2021,13.3,13.56,13.02,13.39,10,12.96,12.48,12.58,40.43,5.67,59.98,10.7,17.52,20.36,9.41,"rgb(232, 232, 232)","rgb(77, 167, 75)","rgb(232, 232, 232)","rgb(232, 232, 232)","rgb(232, 232, 232)","rgb(232, 232, 232)",0.75,8.29,,,,,0,25,40,32.831395,10.90279,First Majestic Silver Corp,Silver,0
15,MD_Investm,AGC,7/2/2021,11.64,11.67,11.35,11.4,89,11.57,11.57,11.54,6.19,40.21,-40.44,10.07,12.61,15.87,9.04,"rgb(232, 232, 232)","rgb(255, 0, 0)","rgb(232, 232, 232)","rgb(255, 255, 0)","rgb(255, 255, 0)","rgb(255, 255, 0)",0.55,41.89,,,,,0,25,40,30.646744,5.910348,Advent Claymore Convertible Securities and Income Fund II,Exchange Traded Fund,0
16,MD_Investm,AGC,8/16/2021,10.55,10.55,10.34,10.38,59,10.52,10.58,10.71,12.75,23.53,1.13,10.07,12.61,15.87,9.04,"rgb(232, 232, 232)","rgb(255, 0, 0)","rgb(232, 232, 232)","rgb(232, 232, 232)","rgb(232, 232, 232)","rgb(232, 232, 232)",0.55,41.89,,,,,0,25,40,30.646744,5.910348,Advent Claymore Convertible Securities and Income Fund II,Exchange Traded Fund,0
17,MD_Investm,AGC,8/17/2021,10.29,10.44,10.22,10.44,58,10.52,10.59,10.71,10.58,29.81,-1.25,10.07,12.61,15.87,9.04,"rgb(232, 232, 232)","rgb(255, 0, 0)","rgb(232, 232, 232)","rgb(232, 232, 232)","rgb(232, 232, 232)","rgb(232, 232, 232)",0.55,41.89,,,,,0,25,40,30.646744,5.910348,Advent Claymore Convertible Securities and Income Fund II,Exchange Traded Fund,0
18,MD_Investm,AGC,10/1/2021,10.27,10.35,10.21,10.31,26,10.27,10.38,10.38,35.62,4.11,35.63,10.07,12.61,15.87,9.04,"rgb(232, 232, 232)","rgb(232, 232, 232)","rgb(232, 232, 232)","rgb(232, 232, 232)","rgb(232, 232, 232)","rgb(232, 232, 232)",0.55,41.89,,,,,0,25,40,30.646744,5.910348,Advent Claymore Convertible Securities and Income Fund II,Exchange Traded Fund,0
19,MD_Investm,AGC,10/13/2021,10.13,10.13,10.08,10.09,18,10.12,10.17,10.26,15.79,15.79,34.28,10.07,12.61,15.87,9.04,"rgb(232, 232, 232)","rgb(232, 232, 232)","rgb(232, 232, 232)","rgb(232, 232, 232)","rgb(232, 232, 232)","rgb(232, 232, 232)",0.55,41.89,,,,,0,25,40,30.646744,5.910348,Advent Claymore Convertible Securities and Income Fund II,Exchange Traded Fund,0
20,MD_Investm,AGCB,7/26/2021,10.03,10.09,10,10.02,74,10.06,10.11,10.15,11.76,13.73,-25.12,9.78,10.53,11.7,8.78,"rgb(232, 232, 232)","rgb(255, 0, 0)","rgb(232, 232, 232)","rgb(232, 232, 232)","rgb(232, 232, 232)","rgb(232, 232, 232)",0.1,0.1,,,,,0,25,40,23.614534,8.401627,Altimeter Growth Corp 2,Shell Companies,0
21,MD_Investm,AGCB,10/1/2021,9.9,9.91,9.86,9.91,26,9.9,9.9,9.89,2.38,11.9,-29.94,9.78,10.53,11.7,8.78,"rgb(232, 232, 232)","rgb(232, 232, 232)","rgb(232, 232, 232)","rgb(232, 232, 232)","rgb(232, 232, 232)","rgb(232, 232, 232)",0.1,0.1,,,,,0,25,40,23.614534,8.401627,Altimeter Growth Corp 2,Shell Companies,0
22,MD_Investm,AGCO,6/25/2021,128.58,131.65,127.73,131.53,94,128.08,131.27,133.49,34.31,14.62,-7.91,120.26,143.44,159.26,106.07,"rgb(232, 232, 232)","rgb(255, 255, 0)","rgb(232, 232, 232)","rgb(232, 232, 232)","rgb(232, 232, 232)","rgb(232, 232, 232)",3.44,2,,,,,0,25,40,38.414767,15.665116,AGCO Corporation,Farm and Construction Machinery,0
23,MD_Investm,AGCO,6/28/2021,131.68,131.68,128.27,129.61,93,127.51,130.24,132.34,27.8,11.77,-6.11,120.26,143.44,159.26,106.07,"rgb(232, 232, 232)","rgb(255, 255, 0)","rgb(232, 232, 232)","rgb(232, 232, 232)","rgb(232, 232, 232)","rgb(232, 232, 232)",3.44,2,,,,,0,25,40,38.414767,15.665116,AGCO Corporation,Farm and Construction Machinery,0
24,MD_Investm,ADPT,11/1/2021,33.37,35.44,33.37,35.34,5,34.47,34.09,34.84,19.45,11.27,11.53,30.21,41.13,47.74,26.77,"rgb(255, 255, 0)","rgb(255, 255, 0)","rgb(232, 232, 232)","rgb(232, 232, 232)","rgb(232, 232, 232)","rgb(232, 232, 232)",1.87,3.08,,,,,0,25,40,35.521976,8.207209,Adaptive Biotechnologies Corp.,Biotechnology,0
25,MD_Investm,ADS,7/7/2021,103.2,105,101.53,103.55,87,104.53,106.22,108.86,12.01,28.51,-26.54,85.87,113.11,128.3,76.51,"rgb(232, 232, 232)","rgb(255, 0, 0)","rgb(232, 232, 232)","rgb(232, 232, 232)","rgb(232, 232, 232)","rgb(232, 232, 232)",5.17,6.54,,,,,0,25,40,27.563604,12.885348,Alliance Data Systems Corporation,Business Services,0
26,MD_Investm,ADS,10/29/2021,86.28,86.64,85.01,85.25,6,90.7,92.85,92.96,7.37,52,-34.59,85.87,113.11,128.3,76.51,"rgb(232, 232, 232)","rgb(255, 0, 0)","rgb(232, 232, 232)","rgb(232, 232, 232)","rgb(232, 232, 232)","rgb(232, 232, 232)",5.17,6.54,,,,,0,25,40,27.563604,12.885348,Alliance Data Systems Corporation,Business Services,0
27,MD_Investm,ADSK,7/2/2021,295.03,298.31,295.03,297.74,89,293.75,289.42,288.91,32.05,1.21,65.21,272.16,338.98,378.83,243.98,"rgb(232, 232, 232)","rgb(77, 167, 75)","rgb(232, 232, 232)","rgb(232, 232, 232)","rgb(232, 232, 232)","rgb(232, 232, 232)",6.67,1.08,Autodesk Inc,11/23/2021,Time Not Supplied,1.26,0,25,40,34.877209,10.269186,Autodesk Inc,Technical and System Software,0
28,MD_Investm,ADSK,7/29/2021,313.68,322.68,312.68,320.5,71,312.32,308.21,304.37,40.76,13.09,51.73,272.16,338.98,378.83,243.98,"rgb(232, 232, 232)","rgb(77, 167, 75)","rgb(232, 232, 232)","rgb(232, 232, 232)","rgb(232, 232, 232)","rgb(232, 232, 232)",6.67,1.08,Autodesk Inc,11/23/2021,Time Not Supplied,1.26,0,25,40,34.877209,10.269186,Autodesk Inc,Technical and System Software,0
29,MD_Investm,ADSK,8/4/2021,328,331.12,326.02,329.09,67,322.84,315.1,311.18,42.17,6.51,54.58,272.16,338.98,378.83,243.98,"rgb(232, 232, 232)","rgb(232, 232, 232)","rgb(232, 232, 232)","rgb(232, 232, 232)","rgb(232, 232, 232)","rgb(232, 232, 232)",6.67,1.08,Autodesk Inc,11/23/2021,Time Not Supplied,1.26,0,25,40,34.877209,10.269186,Autodesk Inc,Technical and System Software,0
30,MD_Investm,ADT,8/2/2021,10.51,10.82,10.5,10.62,69,10.55,10.53,10.68,28.48,18.54,-21.93,7.99,11.54,12.94,7.07,"rgb(232, 232, 232)","rgb(255, 0, 0)","rgb(232, 232, 232)","rgb(232, 232, 232)","rgb(232, 232, 232)","rgb(232, 232, 232)",0.38,2.08,,,,,0,25,40,35.895697,8.536511,ADT Inc,Security_Protection,0
31,MD_Investm,ADT,8/23/2021,8.25,8.38,8.22,8.31,54,8.44,8.98,9.21,11.89,32.87,-45.61,7.99,11.54,12.94,7.07,"rgb(232, 232, 232)","rgb(232, 232, 232)","rgb(232, 232, 232)","rgb(232, 232, 232)","rgb(232, 232, 232)","rgb(232, 232, 232)",0.38,2.08,,,,,0,25,40,35.895697,8.536511,ADT Inc,Security_Protection,0
32,MD_Investm,ADT,8/26/2021,8.46,8.5,8.31,8.31,51,8.34,8.8,9.09,15.13,20.17,-18.5,7.99,11.54,12.94,7.07,"rgb(232, 232, 232)","rgb(232, 232, 232)","rgb(232, 232, 232)","rgb(232, 232, 232)","rgb(232, 232, 232)","rgb(232, 232, 232)",0.38,2.08,,,,,0,25,40,35.895697,8.536511,ADT Inc,Security_Protection,0
33,MD_Investm,ADT,10/13/2021,8.33,8.42,8.25,8.37,18,8.3,8.25,8.32,20,4.35,53.59,7.99,11.54,12.94,7.07,"rgb(232, 232, 232)","rgb(255, 0, 0)","rgb(232, 232, 232)","rgb(232, 232, 232)","rgb(232, 232, 232)","rgb(232, 232, 232)",0.38,2.08,,,,,0,25,40,35.895697,8.536511,ADT Inc,Security_Protection,0
34,MD_Investm,ADT,10/28/2021,8.19,8.42,8.18,8.42,7,8.42,8.37,8.32,17.65,17.65,12.39,7.99,11.54,12.94,7.07,"rgb(232, 232, 232)","rgb(255, 0, 0)","rgb(232, 232, 232)","rgb(232, 232, 232)","rgb(232, 232, 232)","rgb(232, 232, 232)",0.38,2.08,,,,,0,25,40,35.895697,8.536511,ADT Inc,Security_Protection,0
35,MD_Investm,ADTN,6/29/2021,21.63,21.68,20.66,20.67,92,20.78,20.8,20.51,18.67,20,-22.19,17.43,23.74,27.24,15.69,"rgb(232, 232, 232)","rgb(255, 0, 0)","rgb(232, 232, 232)","rgb(232, 232, 232)","rgb(232, 232, 232)","rgb(232, 232, 232)",0.78,3.09,,,,,0,25,40,34.255294,9.020705,ADTRAN Inc,Communication Equipment,0
36,MD_Investm,ADTN,7/13/2021,19.41,19.41,19.03,19.21,83,19.6,19.99,19.98,12.94,34.5,-29.05,17.43,23.74,27.24,15.69,"rgb(232, 232, 232)","rgb(255, 0, 0)","rgb(232, 232, 232)","rgb(255, 255, 0)","rgb(255, 255, 0)","rgb(255, 255, 0)",0.78,3.09,,,,,0,25,40,34.255294,9.020705,ADTRAN Inc,Communication Equipment,0
37,MD_Investm,ADTN,8/2/2021,22.45,22.63,21.59,21.71,69,21.93,21.06,21.12,22.25,23.39,17.89,17.43,23.74,27.24,15.69,"rgb(232, 232, 232)","rgb(255, 0, 0)","rgb(232, 232, 232)","rgb(232, 232, 232)","rgb(232, 232, 232)","rgb(232, 232, 232)",0.78,3.09,,,,,0,25,40,34.255294,9.020705,ADTRAN Inc,Communication Equipment,0
38,MD_Investm,ADTN,9/14/2021,19.71,19.85,19.04,19.35,39,19.8,20.79,21.01,8.52,34.94,-53.41,17.43,23.74,27.24,15.69,"rgb(232, 232, 232)","rgb(255, 0, 0)","rgb(232, 232, 232)","rgb(255, 255, 0)","rgb(255, 255, 0)","rgb(255, 255, 0)",0.78,3.09,,,,,0,25,40,34.255294,9.020705,ADTRAN Inc,Communication Equipment,0
39,MD_Investm,ADTX,8/3/2021,2.15,2.24,2.1,2.11,68,2.19,2.27,2.34,20,7.37,43.25,1.51,2.78,4.35,1.36,"rgb(232, 232, 232)","rgb(232, 232, 232)","rgb(232, 232, 232)","rgb(232, 232, 232)","rgb(232, 232, 232)","rgb(232, 232, 232)",0.58,5.6,,,,,0,25,40,33.379069,12.263255,ADiTx Therapeutics Inc.,Biotechnology,4.35
40,MD_Investm,AGL,7/14/2021,35.86,36.4,34.42,34.67,82,35.86,37.37,36.76,7.55,34.77,-50.65,22.54,42.47,49.31,18.73,"rgb(232, 232, 232)","rgb(255, 0, 0)","rgb(232, 232, 232)","rgb(232, 232, 232)","rgb(232, 232, 232)","rgb(232, 232, 232)",0.72,1.53,,,,,0,25,40,37.048023,8.209651,agilon health inc,Medical Care Facilities,0
41,MD_Investm,AGL,7/20/2021,34.65,35.35,34.55,34.8,78,35.01,36.6,36.69,11,29.19,-29.96,22.54,42.47,49.31,18.73,"rgb(232, 232, 232)","rgb(232, 232, 232)","rgb(232, 232, 232)","rgb(232, 232, 232)","rgb(232, 232, 232)","rgb(232, 232, 232)",0.72,1.53,,,,,0,25,40,37.048023,8.209651,agilon health inc,Medical Care Facilities,0
42,MD_Investm,AGL,7/22/2021,35.69,35.7,34.83,35.42,76,35.23,36.48,36.88,11.8,19.73,-20.6,22.54,42.47,49.31,18.73,"rgb(232, 232, 232)","rgb(232, 232, 232)","rgb(232, 232, 232)","rgb(232, 232, 232)","rgb(232, 232, 232)","rgb(232, 232, 232)",0.72,1.53,,,,,0,25,40,37.048023,8.209651,agilon health inc,Medical Care Facilities,0
43,MD_Investm,AGL,9/20/2021,28.57,28.86,27.97,28.48,35,29.85,31.65,32.02,6.16,45.6,-57,22.54,42.47,49.31,18.73,"rgb(232, 232, 232)","rgb(255, 0, 0)","rgb(232, 232, 232)","rgb(232, 232, 232)","rgb(232, 232, 232)","rgb(232, 232, 232)",0.72,1.53,,,,,0,25,40,37.048023,8.209651,agilon health inc,Medical Care Facilities,0
44,MD_Investm,AGLE,6/30/2021,7.09,7.14,6.95,6.96,91,6.92,6.83,6.91,26.75,8.77,38.25,6.03,8.5,9.35,5.24,"rgb(232, 232, 232)","rgb(255, 0, 0)","rgb(232, 232, 232)","rgb(232, 232, 232)","rgb(232, 232, 232)","rgb(232, 232, 232)",0.67,1.36,,,,,0,25,40,26.946976,9.079534,Aeglea BioTherapeutics Inc,Biotechnology,0
45,MD_Investm,AGLE,8/5/2021,6.65,6.83,6.54,6.81,66,6.59,6.75,6.81,36.02,12.42,-12.15,6.03,8.5,9.35,5.24,"rgb(232, 232, 232)","rgb(232, 232, 232)","rgb(232, 232, 232)","rgb(232, 232, 232)","rgb(232, 232, 232)","rgb(232, 232, 232)",0.67,1.36,,,,,0,25,40,26.946976,9.079534,Aeglea BioTherapeutics Inc,Biotechnology,0
46,MD_Investm,AGLE,10/7/2021,8.24,8.24,7.75,7.81,22,7.9,7.68,7.6,19.12,11.76,48.38,6.03,8.5,9.35,5.24,"rgb(232, 232, 232)","rgb(255, 0, 0)","rgb(232, 232, 232)","rgb(232, 232, 232)","rgb(232, 232, 232)","rgb(232, 232, 232)",0.67,1.36,,,,,0,25,40,26.946976,9.079534,Aeglea BioTherapeutics Inc,Biotechnology,0
47,MD_Investm,AGM,6/23/2021,101.36,102.98,100.79,101.83,96,101.51,101.36,101.47,17.72,14.7,-9.54,94.9,132.6,148.32,84.78,"rgb(232, 232, 232)","rgb(232, 232, 232)","rgb(232, 232, 232)","rgb(232, 232, 232)","rgb(232, 232, 232)","rgb(232, 232, 232)",3.58,1.38,Federal Agricultural Mortgage Corp,11/8/2021,After Market Close,2.62,0,25,40,34.034767,13.53686,Federal Agricultural Mortgage Corporation,Credit Services,0
48,MD_Investm,AGM,7/13/2021,99.14,99.14,96.52,96.66,83,97.65,98.57,98.86,17.38,34.85,-30.21,94.9,132.6,148.32,84.78,"rgb(232, 232, 232)","rgb(255, 0, 0)","rgb(232, 232, 232)","rgb(255, 255, 0)","rgb(255, 255, 0)","rgb(255, 255, 0)",3.58,1.38,Federal Agricultural Mortgage Corp,11/8/2021,After Market Close,2.62,0,25,40,34.034767,13.53686,Federal Agricultural Mortgage Corporation,Credit Services,0
49,MD_Investm,AGM,9/10/2021,100.23,100.23,98.1,98.62,41,98.9,98.66,98.35,25.57,27.47,5.66,94.9,132.6,148.32,84.78,"rgb(232, 232, 232)","rgb(255, 0, 0)","rgb(232, 232, 232)","rgb(232, 232, 232)","rgb(232, 232, 232)","rgb(232, 232, 232)",3.58,1.38,Federal Agricultural Mortgage Corp,11/8/2021,After Market Close,2.62,0,25,40,34.034767,13.53686,Federal Agricultural Mortgage Corporation,Credit Services,0
50,MD_Investm,AGM,10/19/2021,118.57,118.59,116.52,117.76,14,117.29,114.53,111.53,36.43,15.47,56.89,94.9,132.6,148.32,84.78,"rgb(232, 232, 232)","rgb(255, 0, 0)","rgb(232, 232, 232)","rgb(232, 232, 232)","rgb(232, 232, 232)","rgb(232, 232, 232)",3.58,1.38,Federal Agricultural Mortgage Corp,11/8/2021,After Market Close,2.62,0,25,40,34.034767,13.53686,Federal Agricultural Mortgage Corporation,Credit Services,0
51,MD_Investm,AGNC,6/21/2021,16.82,17.09,16.73,16.95,98,17.25,17.59,17.56,10.1,44.44,-52,15.62,17.18,20,14.06,"rgb(232, 232, 232)","rgb(255, 0, 0)","rgb(232, 232, 232)","rgb(232, 232, 232)","rgb(232, 232, 232)","rgb(232, 232, 232)",0.25,2.38,,,,,0,25,40,35.73186,11.448953,AGNC Investment Corp,REIT,0
52,MD_Investm,AGNC,8/6/2021,16,16.08,15.93,16.01,65,15.99,16.1,16.27,20.69,27.59,-23.59,15.62,17.18,20,14.06,"rgb(232, 232, 232)","rgb(232, 232, 232)","rgb(232, 232, 232)","rgb(232, 232, 232)","rgb(232, 232, 232)","rgb(232, 232, 232)",0.25,2.38,,,,,0,25,40,35.73186,11.448953,AGNC Investment Corp,REIT,0
53,MD_Investm,AGNC,8/27/2021,16.28,16.59,16.28,16.54,50,16.38,16.3,16.31,27.05,17.21,-10.75,15.62,17.18,20,14.06,"rgb(232, 232, 232)","rgb(255, 0, 0)","rgb(232, 232, 232)","rgb(232, 232, 232)","rgb(232, 232, 232)","rgb(232, 232, 232)",0.25,2.38,,,,,0,25,40,35.73186,11.448953,AGNC Investment Corp,REIT,0
54,MD_Investm,AGNC,10/4/2021,15.95,16.22,15.91,16.07,25,16.07,16.04,16.1,30.63,25.23,7.64,15.62,17.18,20,14.06,"rgb(232, 232, 232)","rgb(255, 255, 0)","rgb(232, 232, 232)","rgb(232, 232, 232)","rgb(232, 232, 232)","rgb(232, 232, 232)",0.25,2.38,,,,,0,25,40,35.73186,11.448953,AGNC Investment Corp,REIT,0
55,MD_Investm,AI,8/16/2021,49,49.18,45.9,46.62,59,48.47,49.14,50.79,10.89,47.41,-16.65,43,64.5,74.12,38.43,"rgb(232, 232, 232)","rgb(255, 0, 0)","rgb(232, 232, 232)","rgb(255, 255, 0)","rgb(255, 255, 0)","rgb(255, 255, 0)",3.57,17.09,,,,,0,25,40,35.030813,10.467674,Arlington Asset Investment Corp,Mortgage Investment,0
56,MD_Investm,AIA,6/18/2021,90.34,90.34,89.73,89.73,99,90.33,90.39,90.04,4.26,35.53,-23.48,75.56,92.43,101.67,67.97,"rgb(232, 232, 232)","rgb(232, 232, 232)","rgb(232, 232, 232)","rgb(232, 232, 232)","rgb(232, 232, 232)","rgb(232, 232, 232)",0.87,0,,,,,0,25,40,51.835,16.786279,iShares Asia 50 ETF,ETF,0
57,MD_Investm,AIA,7/9/2021,87.61,88.51,87.42,88.42,85,89.37,89.57,89.74,29.29,46.74,-21.13,75.56,92.43,101.67,67.97,"rgb(232, 232, 232)","rgb(255, 0, 0)","rgb(232, 232, 232)","rgb(232, 232, 232)","rgb(232, 232, 232)","rgb(232, 232, 232)",0.87,0,,,,,0,25,40,51.835,16.786279,iShares Asia 50 ETF,ETF,0
58,MD_Investm,AIA,9/15/2021,81.05,81.37,80.61,81.37,38,82.52,81.78,82.28,20.99,54.7,-16.16,75.56,92.43,101.67,67.97,"rgb(232, 232, 232)","rgb(255, 0, 0)","rgb(232, 232, 232)","rgb(232, 232, 232)","rgb(232, 232, 232)","rgb(232, 232, 232)",0.87,0,,,,,0,25,40,51.835,16.786279,iShares Asia 50 ETF,ETF,0
59,MD_Investm,AIA,9/16/2021,80.02,80.48,79.84,80.35,37,81.87,81.38,81.79,15.5,53.49,-20.92,75.56,92.43,101.67,67.97,"rgb(232, 232, 232)","rgb(255, 0, 0)","rgb(232, 232, 232)","rgb(232, 232, 232)","rgb(232, 232, 232)","rgb(232, 232, 232)",0.87,0,,,,,0,25,40,51.835,16.786279,iShares Asia 50 ETF,ETF,0
60,MD_Investm,AIA,10/21/2021,82.2,82.48,82.05,82.42,12,81.38,80.5,81.06,49.26,16.85,28.82,75.56,92.43,101.67,67.97,"rgb(232, 232, 232)","rgb(232, 232, 232)","rgb(232, 232, 232)","rgb(232, 232, 232)","rgb(232, 232, 232)","rgb(232, 232, 232)",0.87,0,,,,,0,25,40,51.835,16.786279,iShares Asia 50 ETF,ETF,0
61,MD_Investm,AIA,10/26/2021,82.88,82.94,81.93,82.06,9,81.93,80.63,80.8,35.74,12.85,32.59,75.56,92.43,101.67,67.97,"rgb(232, 232, 232)","rgb(255, 0, 0)","rgb(232, 232, 232)","rgb(232, 232, 232)","rgb(232, 232, 232)","rgb(232, 232, 232)",0.87,0,,,,,0,25,40,51.835,16.786279,iShares Asia 50 ETF,ETF,0
62,MD_Investm,AIEQ,8/24/2021,42.14,42.28,41.96,42.28,53,41.82,41.82,41.61,46.12,22.86,11.47,38.85,43.77,49.17,34.84,"rgb(232, 232, 232)","rgb(232, 232, 232)","rgb(232, 232, 232)","rgb(232, 232, 232)","rgb(232, 232, 232)","rgb(232, 232, 232)",0.38,,,,,,0,25,40,41.248139,13.187093,AI Powered Equity ETF,ETF,0
63,MD_Investm,AIEQ,9/1/2021,43,43.41,42.92,43.3,47,42.8,42.48,42.24,52.38,7.62,37.45,38.85,43.77,49.17,34.84,"rgb(232, 232, 232)","rgb(77, 167, 75)","rgb(232, 232, 232)","rgb(232, 232, 232)","rgb(232, 232, 232)","rgb(232, 232, 232)",0.38,,,,,,0,25,40,41.248139,13.187093,AI Powered Equity ETF,ETF,0
64,MD_Investm,AIG,7/20/2021,44.97,47.53,44.87,47.23,78,46.85,47.25,48.22,27.88,28.95,-4.4,44.97,60.37,68.79,40.09,"rgb(232, 232, 232)","rgb(255, 0, 0)","rgb(255, 0, 0)","rgb(232, 232, 232)","rgb(232, 232, 232)","rgb(232, 232, 232)",3.83,1.08,,,,,0,25,40,35.507558,10.402325,American International Group Inc,Property and Casualty Insurance,0
65,MD_Investm,AIG,7/29/2021,47.57,47.99,47.01,47.87,71,47.5,47.43,47.86,19.13,21.23,15.6,44.97,60.37,68.79,40.09,"rgb(232, 232, 232)","rgb(255, 255, 0)","rgb(232, 232, 232)","rgb(232, 232, 232)","rgb(232, 232, 232)","rgb(232, 232, 232)",3.83,1.08,,,,,0,25,40,35.507558,10.402325,American International Group Inc,Property and Casualty Insurance,0
66,MD_Investm,AIG,8/13/2021,54.18,54.93,53.89,54.61,60,52.64,51.24,50.82,50.66,3.8,50.64,44.97,60.37,68.79,40.09,"rgb(232, 232, 232)","rgb(77, 167, 75)","rgb(232, 232, 232)","rgb(232, 232, 232)","rgb(232, 232, 232)","rgb(232, 232, 232)",3.83,1.08,,,,,0,25,40,35.507558,10.402325,American International Group Inc,Property and Casualty Insurance,0
67,MD_Investm,AIIQ,8/5/2021,33.6,33.6,33.6,33.6,66,33.23,33.1,33.23,75.47,16.98,8.98,31.67,35.17,38.76,0,"rgb(232, 232, 232)","rgb(232, 232, 232)","rgb(232, 232, 232)","rgb(232, 232, 232)","rgb(232, 232, 232)","rgb(232, 232, 232)",0.1,,,,,,0,25,40,63.024534,21.814069,AI Powered International Equity ETF,ETF,0
68,MD_Investm,AIIQ,8/20/2021,31.91,31.98,31.87,31.98,55,32.28,32.47,32.44,21.32,65.44,-6.47,31.67,35.17,38.76,0,"rgb(232, 232, 232)","rgb(255, 0, 0)","rgb(255, 0, 0)","rgb(77, 167, 75)","rgb(77, 167, 75)","rgb(77, 167, 75)",0.1,,,,,,0,25,40,63.024534,21.814069,AI Powered International Equity ETF,ETF,0
69,MD_Investm,AIIQ,8/27/2021,34.03,34.03,33.99,34.03,50,33.29,33.39,33.29,76.88,16.76,35.83,31.67,35.17,38.76,0,"rgb(232, 232, 232)","rgb(77, 167, 75)","rgb(232, 232, 232)","rgb(232, 232, 232)","rgb(232, 232, 232)","rgb(232, 232, 232)",0.1,,,,,,0,25,40,63.024534,21.814069,AI Powered International Equity ETF,ETF,0
70,MD_Investm,AIIQ,9/21/2021,34.59,34.77,34.54,34.63,34,34.81,34.56,34.16,25,50,-17.67,31.67,35.17,38.76,0,"rgb(232, 232, 232)","rgb(255, 0, 0)","rgb(232, 232, 232)","rgb(232, 232, 232)","rgb(232, 232, 232)","rgb(232, 232, 232)",0.1,,,,,,0,25,40,63.024534,21.814069,AI Powered International Equity ETF,ETF,0
71,MD_Investm,AFIN,8/30/2021,8.69,8.69,8.58,8.64,49,8.56,8.55,8.54,18.99,10.13,2.16,8.03,9.15,10.12,7.19,"rgb(232, 232, 232)","rgb(255, 255, 0)","rgb(232, 232, 232)","rgb(232, 232, 232)","rgb(232, 232, 232)","rgb(232, 232, 232)",0.48,2.19,,,,,0,25,40,26.156395,14.951511,American Finance Trust Inc,REIT - Diversified,0
72,MD_Investm,AFIN,10/6/2021,8.43,8.64,8.4,8.64,23,8.45,8.49,8.52,36.08,14.43,7.44,8.03,9.15,10.12,7.19,"rgb(232, 232, 232)","rgb(232, 232, 232)","rgb(232, 232, 232)","rgb(232, 232, 232)","rgb(232, 232, 232)","rgb(232, 232, 232)",0.48,2.19,,,,,0,25,40,26.156395,14.951511,American Finance Trust Inc,REIT - Diversified,0
73,MD_Investm,AFIN,10/11/2021,8.32,8.47,8.28,8.4,20,8.39,8.39,8.42,21.36,29.13,9.09,8.03,9.15,10.12,7.19,"rgb(232, 232, 232)","rgb(255, 0, 0)","rgb(255, 0, 0)","rgb(77, 167, 75)","rgb(77, 167, 75)","rgb(77, 167, 75)",0.48,2.19,,,,,0,25,40,26.156395,14.951511,American Finance Trust Inc,REIT - Diversified,0
74,MD_Investm,AFK,6/14/2021,22.69,22.74,22.66,22.72,103,22.74,22.55,22.44,4.27,16.24,-51.17,20.57,22.78,25.06,18.27,"rgb(232, 232, 232)","rgb(232, 232, 232)","rgb(232, 232, 232)","rgb(232, 232, 232)","rgb(232, 232, 232)","rgb(232, 232, 232)",0.13,0,,,,,0,25,40,34.080581,15.975697,VanEck Vectors Africa ETF,ETF,0
75,MD_Investm,AFK,7/20/2021,21.27,21.27,21.18,21.25,78,21.45,21.54,21.73,4.79,43.15,-23.07,20.57,22.78,25.06,18.27,"rgb(232, 232, 232)","rgb(255, 0, 0)","rgb(232, 232, 232)","rgb(232, 232, 232)","rgb(232, 232, 232)","rgb(232, 232, 232)",0.13,0,,,,,0,25,40,34.080581,15.975697,VanEck Vectors Africa ETF,ETF,0
76,MD_Investm,AFK,8/2/2021,21.84,21.85,21.79,21.83,69,21.67,21.69,21.77,25.53,16.31,1.53,20.57,22.78,25.06,18.27,"rgb(232, 232, 232)","rgb(255, 255, 0)","rgb(232, 232, 232)","rgb(232, 232, 232)","rgb(232, 232, 232)","rgb(232, 232, 232)",0.13,0,,,,,0,25,40,34.080581,15.975697,VanEck Vectors Africa ETF,ETF,0
77,MD_Investm,AFK,9/7/2021,21.92,21.95,21.79,21.83,44,21.82,21.71,21.71,30,10.91,15.62,20.57,22.78,25.06,18.27,"rgb(232, 232, 232)","rgb(255, 0, 0)","rgb(232, 232, 232)","rgb(232, 232, 232)","rgb(232, 232, 232)","rgb(232, 232, 232)",0.13,0,,,,,0,25,40,34.080581,15.975697,VanEck Vectors Africa ETF,ETF,0
78,MD_Investm,AFK,10/8/2021,21.28,21.28,21.08,21.19,21,20.96,21.03,21.21,53.06,7.14,54.92,20.57,22.78,25.06,18.27,"rgb(232, 232, 232)","rgb(77, 167, 75)","rgb(232, 232, 232)","rgb(232, 232, 232)","rgb(232, 232, 232)","rgb(232, 232, 232)",0.13,0,,,,,0,25,40,34.080581,15.975697,VanEck Vectors Africa ETF,ETF,0
79,MD_Investm,AFK,10/15/2021,21.86,22,21.83,22,16,21.58,21.37,21.53,53.85,1.54,46.82,20.57,22.78,25.06,18.27,"rgb(232, 232, 232)","rgb(232, 232, 232)","rgb(232, 232, 232)","rgb(232, 232, 232)","rgb(232, 232, 232)","rgb(232, 232, 232)",0.13,0,,,,,0,25,40,34.080581,15.975697,VanEck Vectors Africa ETF,ETF,0
80,MD_Investm,AFK,11/5/2021,21.65,21.65,21.52,21.58,1,21.57,21.61,21.41,,,,20.57,22.78,25.06,18.27,,,,,,,0.13,0,,,,,0,25,40,34.080581,15.975697,VanEck Vectors Africa ETF,ETF,0
81,MD_Investm,AFL,6/18/2021,52.64,52.91,52.02,52.08,99,54.02,54.48,54.32,1.41,57.5,-52.87,51.6,57.14,63.43,46.15,"rgb(232, 232, 232)","rgb(255, 0, 0)","rgb(232, 232, 232)","rgb(255, 255, 0)","rgb(255, 255, 0)","rgb(255, 255, 0)",1.59,2.42,,,,,0,25,40,28.271279,9.464186,Aflac Incorporated,Accident and Health Insurance,0
82,MD_Investm,AFL,6/23/2021,52.95,53.01,52.68,52.69,96,53.5,54.46,54.47,1.78,37.11,-40.68,51.6,57.14,63.43,46.15,"rgb(232, 232, 232)","rgb(232, 232, 232)","rgb(232, 232, 232)","rgb(232, 232, 232)","rgb(232, 232, 232)","rgb(232, 232, 232)",1.59,2.42,,,,,0,25,40,28.271279,9.464186,Aflac Incorporated,Accident and Health Insurance,0
83,MD_Investm,AFL,7/13/2021,53.62,53.95,52.82,53.09,83,53.32,53.4,54.13,16.27,14.99,-3.8,51.6,57.14,63.43,46.15,"rgb(232, 232, 232)","rgb(255, 0, 0)","rgb(232, 232, 232)","rgb(232, 232, 232)","rgb(232, 232, 232)","rgb(232, 232, 232)",1.59,2.42,,,,,0,25,40,28.271279,9.464186,Aflac Incorporated,Accident and Health Insurance,0
84,MD_Investm,AFL,8/31/2021,56.34,57.04,56.14,56.68,48,56.63,56.59,55.95,11.67,12.81,-14.21,51.6,57.14,63.43,46.15,"rgb(232, 232, 232)","rgb(255, 0, 0)","rgb(232, 232, 232)","rgb(232, 232, 232)","rgb(232, 232, 232)","rgb(232, 232, 232)",1.59,2.42,,,,,0,25,40,28.271279,9.464186,Aflac Incorporated,Accident and Health Insurance,0
85,MD_Investm,AFL,9/8/2021,55.11,55.34,54.8,55.17,43,55.74,55.99,55.57,4.8,34.18,-36.38,51.6,57.14,63.43,46.15,"rgb(232, 232, 232)","rgb(255, 0, 0)","rgb(232, 232, 232)","rgb(232, 232, 232)","rgb(232, 232, 232)","rgb(232, 232, 232)",1.59,2.42,,,,,0,25,40,28.271279,9.464186,Aflac Incorporated,Accident and Health Insurance,0
86,MD_Investm,AFL,9/24/2021,52.41,53.02,52.3,52.63,31,52.91,53.85,54.34,9.07,25.93,-38.08,51.6,57.14,63.43,46.15,"rgb(232, 232, 232)","rgb(232, 232, 232)","rgb(232, 232, 232)","rgb(232, 232, 232)","rgb(232, 232, 232)","rgb(232, 232, 232)",1.59,2.42,,,,,0,25,40,28.271279,9.464186,Aflac Incorporated,Accident and Health Insurance,0
87,MD_Investm,AGRO,10/18/2021,9.83,10.17,9.55,9.64,15,9.18,9.23,9.36,62.23,9.01,-3.98,8.52,11.45,12.95,7.61,"rgb(232, 232, 232)","rgb(232, 232, 232)","rgb(232, 232, 232)","rgb(232, 232, 232)","rgb(232, 232, 232)","rgb(232, 232, 232)",0.3,4.68,Adecoagro SA,11/11/2021,After Market Close,0,0,25,40,36.261976,12.135232,Adecoagro SA,Farm Products,12.95
88,MD_Investm,AGRX,7/9/2021,1.25,1.28,1.23,1.28,85,1.3,1.35,1.39,3.57,46.43,-70.34,0.68,1.42,1.75,0.59,"rgb(232, 232, 232)","rgb(255, 0, 0)","rgb(232, 232, 232)","rgb(232, 232, 232)","rgb(232, 232, 232)","rgb(232, 232, 232)",0.05,1.9,,,,,0,25,40,44.165813,4.894302,Agile Therapeutics Inc,Drugs Generic,0
89,MD_Investm,AGRX,10/13/2021,0.79,0.83,0.74,0.79,18,0.83,0.89,0.93,26.19,40.48,-20.37,0.68,1.42,1.75,0.59,"rgb(232, 232, 232)","rgb(232, 232, 232)","rgb(232, 232, 232)","rgb(232, 232, 232)","rgb(232, 232, 232)","rgb(232, 232, 232)",0.05,1.9,,,,,0,25,40,44.165813,4.894302,Agile Therapeutics Inc,Drugs Generic,0
90,MD_Investm,AGRX,10/15/2021,0.79,0.79,0.74,0.76,16,0.79,0.86,0.91,19.44,36.11,-18.68,0.68,1.42,1.75,0.59,"rgb(232, 232, 232)","rgb(232, 232, 232)","rgb(232, 232, 232)","rgb(232, 232, 232)","rgb(232, 232, 232)","rgb(232, 232, 232)",0.05,1.9,,,,,0,25,40,44.165813,4.894302,Agile Therapeutics Inc,Drugs Generic,0
91,MD_Investm,AGS,6/15/2021,10.55,10.63,10.29,10.31,102,10.43,10.21,9.89,26.87,26.49,23.42,6.68,10.45,12.45,5.94,"rgb(232, 232, 232)","rgb(255, 0, 0)","rgb(232, 232, 232)","rgb(232, 232, 232)","rgb(232, 232, 232)","rgb(232, 232, 232)",0.7,1.85,,,,,0,25,40,29.469647,12.201882,PlayAGS Inc,Gaming Activities,0
92,MD_Investm,AGS,6/28/2021,9.95,10.17,9.25,9.49,93,9.84,9.98,9.75,12.91,37.24,-20.26,6.68,10.45,12.45,5.94,"rgb(232, 232, 232)","rgb(255, 0, 0)","rgb(232, 232, 232)","rgb(232, 232, 232)","rgb(232, 232, 232)","rgb(232, 232, 232)",0.7,1.85,,,,,0,25,40,29.469647,12.201882,PlayAGS Inc,Gaming Activities,0
93,MD_Investm,AGTC,6/16/2021,4.47,4.53,4.25,4.35,101,4.29,4.25,4.19,31.4,13.22,30.33,2.56,4.4,5.12,2.27,"rgb(232, 232, 232)","rgb(77, 167, 75)","rgb(232, 232, 232)","rgb(232, 232, 232)","rgb(232, 232, 232)","rgb(232, 232, 232)",0.25,7.15,,,,,0,25,40,33.003604,9.556279,Applied Genetic Technologies Corporation,Biotechnology,0
94,MD_Investm,AGTC,7/23/2021,3.88,3.88,3.7,3.74,75,3.74,3.83,3.92,26.96,23.48,-18.71,2.56,4.4,5.12,2.27,"rgb(232, 232, 232)","rgb(255, 0, 0)","rgb(232, 232, 232)","rgb(232, 232, 232)","rgb(232, 232, 232)","rgb(232, 232, 232)",0.25,7.15,,,,,0,25,40,33.003604,9.556279,Applied Genetic Technologies Corporation,Biotechnology,0
95,MD_Investm,AGX,6/15/2021,48.11,48.41,47.8,47.92,102,48.28,48.45,48.61,29.38,14.47,0.3,41.41,48.1,54.56,37,"rgb(232, 232, 232)","rgb(232, 232, 232)","rgb(232, 232, 232)","rgb(232, 232, 232)","rgb(232, 232, 232)","rgb(232, 232, 232)",1.52,0.94,Argan Inc,12/7/2021,Time Not Supplied,0.47,0,25,40,21.774186,9.136279,Argan Inc,Heavy Construction,0
96,MD_Investm,AGX,8/2/2021,45.05,46.48,44.64,44.74,69,44.56,45.13,45.56,32.92,8.59,9.95,41.41,48.1,54.56,37,"rgb(255, 255, 0)","rgb(255, 0, 0)","rgb(232, 232, 232)","rgb(232, 232, 232)","rgb(232, 232, 232)","rgb(232, 232, 232)",1.52,0.94,Argan Inc,12/7/2021,Time Not Supplied,0.47,0,25,40,21.774186,9.136279,Argan Inc,Heavy Construction,0
97,MD_Investm,AGX,9/7/2021,47.3,48.04,46.88,47.18,44,46.53,46.23,45.99,29.84,2.71,26.14,41.41,48.1,54.56,37,"rgb(232, 232, 232)","rgb(232, 232, 232)","rgb(232, 232, 232)","rgb(232, 232, 232)","rgb(232, 232, 232)","rgb(232, 232, 232)",1.52,0.94,Argan Inc,12/7/2021,Time Not Supplied,0.47,0,25,40,21.774186,9.136279,Argan Inc,Heavy Construction,0
98,MD_Investm,AGX,9/13/2021,44.95,45.49,44.26,44.34,40,45.65,45.16,44.99,17.25,27.46,14.72,41.41,48.1,54.56,37,"rgb(232, 232, 232)","rgb(255, 0, 0)","rgb(232, 232, 232)","rgb(232, 232, 232)","rgb(232, 232, 232)","rgb(232, 232, 232)",1.52,0.94,Argan Inc,12/7/2021,Time Not Supplied,0.47,0,25,40,21.774186,9.136279,Argan Inc,Heavy Construction,0
99,MD_Investm,AGX,9/16/2021,43.68,43.91,43.01,43.59,37,44.74,44.71,44.64,10.04,28.47,2.8,41.41,48.1,54.56,37,"rgb(232, 232, 232)","rgb(232, 232, 232)","rgb(232, 232, 232)","rgb(232, 232, 232)","rgb(232, 232, 232)","rgb(232, 232, 232)",1.52,0.94,Argan Inc,12/7/2021,Time Not Supplied,0.47,0,25,40,21.774186,9.136279,Argan Inc,Heavy Construction,0
100,MD_Investm,AGYS,7/21/2021,55.88,57.31,55.52,56.84,77,56.55,56.57,56.27,18.99,34.24,-37.97,42.06,57.78,65.56,36.25,"rgb(232, 232, 232)","rgb(232, 232, 232)","rgb(232, 232, 232)","rgb(232, 232, 232)","rgb(232, 232, 232)","rgb(232, 232, 232)",2.81,2.06,,,,,0,25,40,37.348139,13.116976,Agilysys Inc,Application Software,0
101,MD_Investm,AGYS,8/13/2021,57.99,59.34,56.44,56.86,60,56.74,56.37,56.57,25.65,13.34,-13.36,42.06,57.78,65.56,36.25,"rgb(232, 232, 232)","rgb(255, 255, 0)","rgb(232, 232, 232)","rgb(232, 232, 232)","rgb(232, 232, 232)","rgb(232, 232, 232)",2.81,2.06,,,,,0,25,40,37.348139,13.116976,Agilysys Inc,Application Software,0
102,MD_Investm,AGYS,8/24/2021,53.23,53.35,52.12,52.61,53,52.99,54.01,54.27,25.81,36.44,-9.74,42.06,57.78,65.56,36.25,"rgb(232, 232, 232)","rgb(255, 255, 0)","rgb(232, 232, 232)","rgb(232, 232, 232)","rgb(232, 232, 232)","rgb(232, 232, 232)",2.81,2.06,,,,,0,25,40,37.348139,13.116976,Agilysys Inc,Application Software,0
103,MD_Investm,ADS,6/23/2021,105.26,107.03,104.72,106.04,96,107.64,111.08,112.23,14.19,36.79,-38.46,85.87,113.11,128.3,76.51,"rgb(232, 232, 232)","rgb(232, 232, 232)","rgb(232, 232, 232)","rgb(232, 232, 232)","rgb(232, 232, 232)","rgb(232, 232, 232)",5.17,6.54,,,,,0,25,40,27.563604,12.885348,Alliance Data Systems Corporation,Business Services,0
104,MD_Investm,ADS,7/13/2021,105.88,106.75,103.64,103.86,83,104.25,105.26,108.02,17.52,11.29,-24.55,85.87,113.11,128.3,76.51,"rgb(232, 232, 232)","rgb(232, 232, 232)","rgb(232, 232, 232)","rgb(232, 232, 232)","rgb(232, 232, 232)","rgb(232, 232, 232)",5.17,6.54,,,,,0,25,40,27.563604,12.885348,Alliance Data Systems Corporation,Business Services,0
105,MD_Investm,ADS,8/19/2021,89.34,90.62,88.26,90.15,56,91.15,92.47,94.23,16.68,21.82,14.14,85.87,113.11,128.3,76.51,"rgb(232, 232, 232)","rgb(255, 255, 0)","rgb(232, 232, 232)","rgb(232, 232, 232)","rgb(232, 232, 232)","rgb(232, 232, 232)",5.17,6.54,,,,,0,25,40,27.563604,12.885348,Alliance Data Systems Corporation,Business Services,0
106,MD_Investm,ADS,9/28/2021,104.72,105.84,102.8,102.94,29,100.2,98.99,98.18,39.15,9.25,27.08,85.87,113.11,128.3,76.51,"rgb(232, 232, 232)","rgb(232, 232, 232)","rgb(232, 232, 232)","rgb(232, 232, 232)","rgb(232, 232, 232)","rgb(232, 232, 232)",5.17,6.54,,,,,0,25,40,27.563604,12.885348,Alliance Data Systems Corporation,Business Services,0
107,MD_Investm,ADS,10/21/2021,101.8,102.3,94.22,96.34,12,98.02,99.09,97.67,10.5,37.9,-28.81,85.87,113.11,128.3,76.51,"rgb(232, 232, 232)","rgb(255, 0, 0)","rgb(232, 232, 232)","rgb(255, 255, 0)","rgb(255, 255, 0)","rgb(255, 255, 0)",5.17,6.54,,,,,0,25,40,27.563604,12.885348,Alliance Data Systems Corporation,Business Services,128.3
108,MD_Investm,ADS,11/3/2021,85.87,88.64,85.29,87.25,3,89.2,92.38,93.33,19.17,28.17,-35.22,85.87,113.11,128.3,76.51,"rgb(232, 232, 232)","rgb(255, 0, 0)","rgb(232, 232, 232)","rgb(232, 232, 232)","rgb(232, 232, 232)","rgb(232, 232, 232)",5.17,6.54,,,,,0,25,40,27.563604,12.885348,Alliance Data Systems Corporation,Business Services,0
109,MD_Investm,ADSK,9/20/2021,282.52,286.66,279.84,283.6,35,284.86,294.64,300.97,17.38,32.11,-19.54,272.16,338.98,378.83,243.98,"rgb(232, 232, 232)","rgb(255, 0, 0)","rgb(232, 232, 232)","rgb(232, 232, 232)","rgb(232, 232, 232)","rgb(232, 232, 232)",6.67,1.08,Autodesk Inc,11/23/2021,Time Not Supplied,1.26,0,25,40,34.877209,10.269186,Autodesk Inc,Technical and System Software,0
110,MD_Investm,ADSK,10/4/2021,282.87,283.99,271.09,272.93,25,281.53,281.06,288.98,7.88,44.37,-19.48,272.16,338.98,378.83,243.98,"rgb(232, 232, 232)","rgb(255, 0, 0)","rgb(232, 232, 232)","rgb(255, 255, 0)","rgb(255, 255, 0)","rgb(255, 255, 0)",6.67,1.08,Autodesk Inc,11/23/2021,Time Not Supplied,1.26,0,25,40,34.877209,10.269186,Autodesk Inc,Technical and System Software,0
111,MD_Investm,ADSK,10/5/2021,274.93,278.85,274.35,275.98,24,282.05,281.91,289.34,6.67,29.04,-18.33,272.16,338.98,378.83,243.98,"rgb(232, 232, 232)","rgb(255, 0, 0)","rgb(232, 232, 232)","rgb(232, 232, 232)","rgb(232, 232, 232)","rgb(232, 232, 232)",6.67,1.08,Autodesk Inc,11/23/2021,Time Not Supplied,1.26,0,25,40,34.877209,10.269186,Autodesk Inc,Technical and System Software,0
112,MD_Investm,ADSK,10/19/2021,294.54,297.55,292.34,296.69,14,289.85,289.81,290.34,50.74,10.88,42.89,272.16,338.98,378.83,243.98,"rgb(232, 232, 232)","rgb(77, 167, 75)","rgb(232, 232, 232)","rgb(232, 232, 232)","rgb(232, 232, 232)","rgb(232, 232, 232)",6.67,1.08,Autodesk Inc,11/23/2021,Time Not Supplied,1.26,0,25,40,34.877209,10.269186,Autodesk Inc,Technical and System Software,0
113,MD_Investm,ADT,7/2/2021,10.95,10.95,10.7,10.75,89,10.87,11.01,10.76,6.47,27.34,-54.42,7.99,11.54,12.94,7.07,"rgb(232, 232, 232)","rgb(255, 0, 0)","rgb(232, 232, 232)","rgb(232, 232, 232)","rgb(232, 232, 232)","rgb(232, 232, 232)",0.38,2.08,,,,,0,25,40,35.895697,8.536511,ADT Inc,Security_Protection,0
114,MD_Investm,ADT,7/15/2021,10.36,10.49,10.22,10.35,81,10.47,10.65,10.69,7.19,37.41,-44.56,7.99,11.54,12.94,7.07,"rgb(232, 232, 232)","rgb(255, 0, 0)","rgb(232, 232, 232)","rgb(255, 255, 0)","rgb(255, 255, 0)","rgb(255, 255, 0)",0.38,2.08,,,,,0,25,40,35.895697,8.536511,ADT Inc,Security_Protection,0
115,MD_Investm,ADT,8/27/2021,8.3,8.5,8.27,8.43,50,8.37,8.78,9.1,12.71,19.49,-13.39,7.99,11.54,12.94,7.07,"rgb(232, 232, 232)","rgb(255, 0, 0)","rgb(232, 232, 232)","rgb(232, 232, 232)","rgb(232, 232, 232)","rgb(232, 232, 232)",0.38,2.08,,,,,0,25,40,35.895697,8.536511,ADT Inc,Security_Protection,0
116,MD_Investm,ADT,9/13/2021,8.19,8.51,8.13,8.42,40,8.49,8.44,8.77,15.38,30,-6.16,7.99,11.54,12.94,7.07,"rgb(232, 232, 232)","rgb(255, 0, 0)","rgb(232, 232, 232)","rgb(232, 232, 232)","rgb(232, 232, 232)","rgb(232, 232, 232)",0.38,2.08,,,,,0,25,40,35.895697,8.536511,ADT Inc,Security_Protection,0
117,MD_Investm,ADTN,6/22/2021,20.44,21.11,20.04,20.94,97,20.98,20.74,20.41,20.16,21.19,12.26,17.43,23.74,27.24,15.69,"rgb(232, 232, 232)","rgb(232, 232, 232)","rgb(232, 232, 232)","rgb(232, 232, 232)","rgb(232, 232, 232)","rgb(232, 232, 232)",0.78,3.09,,,,,0,25,40,34.255294,9.020705,ADTRAN Inc,Communication Equipment,0
118,MD_Investm,ADTN,9/8/2021,20,20.1,19.76,20,43,20.77,21.47,21.44,7.25,36.5,-47.52,17.43,23.74,27.24,15.69,"rgb(232, 232, 232)","rgb(255, 0, 0)","rgb(232, 232, 232)","rgb(232, 232, 232)","rgb(232, 232, 232)","rgb(232, 232, 232)",0.78,3.09,,,,,0,25,40,34.255294,9.020705,ADTRAN Inc,Communication Equipment,0
119,MD_Investm,AEVA,8/20/2021,7.52,7.85,7.52,7.66,55,8.07,8.25,8.57,7.89,31.58,4.61,7.37,11.78,12.96,6.53,"rgb(232, 232, 232)","rgb(255, 0, 0)","rgb(232, 232, 232)","rgb(232, 232, 232)","rgb(232, 232, 232)","rgb(232, 232, 232)",0.28,10.73,Aeva Technologies Inc,11/10/2021,After Market Close,-0.11,0,25,40,36.121976,7.437674,Aeva Technologies Inc,Auto Parts,0
120,MD_Investm,AEVA,11/5/2021,8.29,8.39,8.11,8.2,1,8.13,7.99,8.05,,,,7.37,11.78,12.96,6.53,,,,,,,0.28,10.73,Aeva Technologies Inc,11/10/2021,After Market Close,-0.11,0,25,40,36.121976,7.437674,Aeva Technologies Inc,Auto Parts,0
121,MD_Investm,AEYE,6/22/2021,16.65,16.93,16.43,16.79,97,17.22,17.41,17.59,8.13,29.35,-16.01,9.46,18,20.86,8.11,"rgb(232, 232, 232)","rgb(255, 0, 0)","rgb(232, 232, 232)","rgb(232, 232, 232)","rgb(232, 232, 232)","rgb(232, 232, 232)",0.91,5.81,AudioEye Inc,11/11/2021,After Market Close,-0.35,0,25,40,28.875697,7.26279,AudioEye Inc.,Software—Application,0
122,MD_Investm,AEYE,7/6/2021,16.65,16.65,16,16.5,88,16.95,17.16,17.18,11.53,30.56,-30.41,9.46,18,20.86,8.11,"rgb(232, 232, 232)","rgb(255, 0, 0)","rgb(232, 232, 232)","rgb(232, 232, 232)","rgb(232, 232, 232)","rgb(232, 232, 232)",0.91,5.81,AudioEye Inc,11/11/2021,After Market Close,-0.35,0,25,40,28.875697,7.26279,AudioEye Inc.,Software—Application,0
123,MD_Investm,AEYE,7/19/2021,15.55,15.73,14.86,15.08,79,15.49,15.97,16.32,18.27,27.5,-47.31,9.46,18,20.86,8.11,"rgb(232, 232, 232)","rgb(232, 232, 232)","rgb(232, 232, 232)","rgb(232, 232, 232)","rgb(232, 232, 232)","rgb(232, 232, 232)",0.91,5.81,AudioEye Inc,11/11/2021,After Market Close,-0.35,0,25,40,28.875697,7.26279,AudioEye Inc.,Software—Application,0
124,MD_Investm,AEYE,8/10/2021,14.63,14.63,12,13.33,63,13.58,13.94,14.54,13.78,32.44,-38.09,9.46,18,20.86,8.11,"rgb(232, 232, 232)","rgb(255, 0, 0)","rgb(232, 232, 232)","rgb(255, 255, 0)","rgb(255, 255, 0)","rgb(255, 255, 0)",0.91,5.81,AudioEye Inc,11/11/2021,After Market Close,-0.35,0,25,40,28.875697,7.26279,AudioEye Inc.,Software—Application,20.86
125,MD_Investm,AEYE,9/23/2021,11.23,11.27,10.87,11.13,32,11.1,11.63,11.58,13.4,19.57,-31.13,9.46,18,20.86,8.11,"rgb(232, 232, 232)","rgb(232, 232, 232)","rgb(232, 232, 232)","rgb(232, 232, 232)","rgb(232, 232, 232)","rgb(232, 232, 232)",0.91,5.81,AudioEye Inc,11/11/2021,After Market Close,-0.35,0,25,40,28.875697,7.26279,AudioEye Inc.,Software—Application,0
126,MD_Investm,AEZS,6/16/2021,0.95,0.98,0.94,0.94,101,0.96,0.93,0.94,20.69,20.69,13.43,0.58,1.03,1.2,0.51,"rgb(232, 232, 232)","rgb(255, 0, 0)","rgb(232, 232, 232)","rgb(232, 232, 232)","rgb(232, 232, 232)","rgb(232, 232, 232)",0.08,3.08,,,,,0,25,40,33.796046,15.383604,Aeterna Zentaris Inc,Biotechnology,0
127,MD_Investm,AEZS,8/17/2021,0.64,0.66,0.62,0.64,58,0.68,0.69,0.71,6.67,53.33,-7.93,0.58,1.03,1.2,0.51,"rgb(232, 232, 232)","rgb(255, 0, 0)","rgb(232, 232, 232)","rgb(255, 255, 0)","rgb(255, 255, 0)","rgb(255, 255, 0)",0.08,3.08,,,,,0,25,40,33.796046,15.383604,Aeterna Zentaris Inc,Biotechnology,0
128,MD_Investm,AEZS,9/2/2021,0.74,0.74,0.72,0.74,46,0.72,0.71,0.72,26.32,10.53,21.69,0.58,1.03,1.2,0.51,"rgb(232, 232, 232)","rgb(232, 232, 232)","rgb(232, 232, 232)","rgb(232, 232, 232)","rgb(232, 232, 232)","rgb(232, 232, 232)",0.08,3.08,,,,,0,25,40,33.796046,15.383604,Aeterna Zentaris Inc,Biotechnology,0
129,MD_Investm,AEZS,10/15/2021,0.62,0.62,0.6,0.6,16,0.61,0.62,0.63,22.22,27.78,-3.46,0.58,1.03,1.2,0.51,"rgb(232, 232, 232)","rgb(232, 232, 232)","rgb(232, 232, 232)","rgb(232, 232, 232)","rgb(232, 232, 232)","rgb(232, 232, 232)",0.08,3.08,,,,,0,25,40,33.796046,15.383604,Aeterna Zentaris Inc,Biotechnology,0
130,MD_Investm,AEZS,10/28/2021,0.58,0.62,0.58,0.6,7,0.6,0.62,0.62,14.29,21.43,-21.37,0.58,1.03,1.2,0.51,"rgb(232, 232, 232)","rgb(255, 0, 0)","rgb(232, 232, 232)","rgb(232, 232, 232)","rgb(232, 232, 232)","rgb(232, 232, 232)",0.08,3.08,,,,,0,25,40,33.796046,15.383604,Aeterna Zentaris Inc,Biotechnology,0
131,MD_Investm,AFG,6/25/2021,125.52,127.18,125.03,126.9,94,125.36,127.17,127.12,34.15,18.73,-15,120.16,140,160.48,107.16,"rgb(232, 232, 232)","rgb(232, 232, 232)","rgb(232, 232, 232)","rgb(232, 232, 232)","rgb(232, 232, 232)","rgb(232, 232, 232)",2.61,1.11,,,,,0,25,40,32.721511,12.658023,American Financial Group Inc,Property and Casualty Insurance,0
132,MD_Investm,AFG,10/15/2021,135.2,135.33,132.92,133.02,16,133.78,132.16,132.92,16,18.38,28.25,120.16,140,160.48,107.16,"rgb(232, 232, 232)","rgb(232, 232, 232)","rgb(232, 232, 232)","rgb(232, 232, 232)","rgb(232, 232, 232)","rgb(232, 232, 232)",2.61,1.11,,,,,0,25,40,32.721511,12.658023,American Financial Group Inc,Property and Casualty Insurance,0
133,MD_Investm,AFI,6/15/2021,5.52,5.81,5.52,5.72,102,5.78,5.91,5.83,10,23.57,-24.87,2.79,6.4,7.28,2.33,"rgb(232, 232, 232)","rgb(255, 0, 0)","rgb(232, 232, 232)","rgb(232, 232, 232)","rgb(232, 232, 232)","rgb(232, 232, 232)",0.5,1.44,,,,,0,25,40,42.082325,12.876627,Armstrong Flooring Inc,General Building Materials,0
134,MD_Investm,AGFS,10/8/2021,2.1,2.26,2.1,2.22,21,2.19,2.17,2.15,12.96,27.78,-24.15,1.84,2.26,2.68,1.63,"rgb(232, 232, 232)","rgb(255, 0, 0)","rgb(232, 232, 232)","rgb(232, 232, 232)","rgb(232, 232, 232)","rgb(232, 232, 232)",0.06,1.98,AgroFresh Solutions Inc,11/10/2021,After Market Close,-0.01,0,25,40,28.286395,5.780116,AgroFresh Solutions Inc,Conglomerates,0
135,MD_Investm,AGG,6/11/2021,115.31,115.32,115.16,115.23,104,114.94,114.78,114.77,31.77,15.1,-2.28,113.97,116.56,128.51,102.46,"rgb(232, 232, 232)","rgb(255, 255, 0)","rgb(232, 232, 232)","rgb(232, 232, 232)","rgb(232, 232, 232)","rgb(232, 232, 232)",0.55,0,,,,,0,25,40,39.755697,19.431511,iShares Core US Aggregate Bond ETF,ETF,0
136,MD_Investm,AGG,6/23/2021,115.06,115.14,114.99,115.05,96,115.03,114.91,114.77,12.5,17.05,-13.18,113.97,116.56,128.51,102.46,"rgb(232, 232, 232)","rgb(232, 232, 232)","rgb(232, 232, 232)","rgb(232, 232, 232)","rgb(232, 232, 232)","rgb(232, 232, 232)",0.55,0,,,,,0,25,40,39.755697,19.431511,iShares Core US Aggregate Bond ETF,ETF,0
137,MD_Investm,AGG,7/13/2021,115.65,115.76,115.3,115.36,83,115.49,115.3,115.17,25.61,39.63,22.14,113.97,116.56,128.51,102.46,"rgb(232, 232, 232)","rgb(255, 0, 0)","rgb(232, 232, 232)","rgb(232, 232, 232)","rgb(232, 232, 232)","rgb(232, 232, 232)",0.55,0,,,,,0,25,40,39.755697,19.431511,iShares Core US Aggregate Bond ETF,ETF,0
138,MD_Investm,AGG,7/22/2021,116.03,116.35,116.03,116.29,76,116.11,115.9,115.75,41.18,21.57,31.25,113.97,116.56,128.51,102.46,"rgb(232, 232, 232)","rgb(255, 0, 0)","rgb(232, 232, 232)","rgb(232, 232, 232)","rgb(232, 232, 232)","rgb(232, 232, 232)",0.55,0,,,,,0,25,40,39.755697,19.431511,iShares Core US Aggregate Bond ETF,ETF,0
139,MD_Investm,AGG,8/30/2021,116.02,116.23,116,116.23,49,116.11,116.1,116.14,39.2,22.4,-1.85,113.97,116.56,128.51,102.46,"rgb(232, 232, 232)","rgb(232, 232, 232)","rgb(232, 232, 232)","rgb(232, 232, 232)","rgb(232, 232, 232)","rgb(232, 232, 232)",0.55,0,,,,,0,25,40,39.755697,19.431511,iShares Core US Aggregate Bond ETF,ETF,0
140,MD_Investm,AGG,10/18/2021,114.33,114.56,114.25,114.49,15,114.47,114.76,114.99,31.34,44.78,-20.04,113.97,116.56,128.51,102.46,"rgb(232, 232, 232)","rgb(255, 0, 0)","rgb(232, 232, 232)","rgb(255, 255, 0)","rgb(255, 255, 0)","rgb(255, 255, 0)",0.55,0,,,,,0,25,40,39.755697,19.431511,iShares Core US Aggregate Bond ETF,ETF,0
141,MD_Investm,AGG,10/29/2021,114.35,114.78,114.35,114.64,6,114.44,114.52,114.8,29.94,24.84,-3.18,113.97,116.56,128.51,102.46,"rgb(232, 232, 232)","rgb(255, 0, 0)","rgb(232, 232, 232)","rgb(232, 232, 232)","rgb(232, 232, 232)","rgb(232, 232, 232)",0.55,0,,,,,0,25,40,39.755697,19.431511,iShares Core US Aggregate Bond ETF,ETF,0
142,MD_Investm,AGI,8/2/2021,8.15,8.16,7.94,8.07,69,8.03,7.97,7.97,12.95,7.19,15.73,7.05,8.9,10.02,6.25,"rgb(232, 232, 232)","rgb(232, 232, 232)","rgb(232, 232, 232)","rgb(232, 232, 232)","rgb(232, 232, 232)","rgb(232, 232, 232)",0.33,0.65,,,,,0,25,40,30.04779,12.235465,Alamos Gold Inc,Gold,0
143,MD_Investm,AGI,9/27/2021,7.17,7.35,7.1,7.16,30,7.3,7.43,7.41,17.39,35.65,-22.08,7.05,8.9,10.02,6.25,"rgb(232, 232, 232)","rgb(255, 0, 0)","rgb(232, 232, 232)","rgb(232, 232, 232)","rgb(232, 232, 232)","rgb(232, 232, 232)",0.33,0.65,,,,,0,25,40,30.04779,12.235465,Alamos Gold Inc,Gold,0
144,MD_Investm,AGIO,6/30/2021,53.24,55.71,52.92,55.11,91,56.25,56.76,56.33,9.3,32.88,-7.11,40.99,60.4,68.38,36.89,"rgb(232, 232, 232)","rgb(255, 0, 0)","rgb(232, 232, 232)","rgb(232, 232, 232)","rgb(232, 232, 232)","rgb(232, 232, 232)",1.62,11.98,,,,,0,25,40,34.845348,8.279883,Agios Pharmaceuticals Inc,Biotechnology,0
145,MD_Investm,AGIO,7/27/2021,49.69,50.26,47.86,48.59,73,51.46,52.46,53.23,3.1,54.6,-54.61,40.99,60.4,68.38,36.89,"rgb(232, 232, 232)","rgb(255, 0, 0)","rgb(232, 232, 232)","rgb(232, 232, 232)","rgb(232, 232, 232)","rgb(232, 232, 232)",1.62,11.98,,,,,0,25,40,34.845348,8.279883,Agios Pharmaceuticals Inc,Biotechnology,0
146,MD_Investm,AGIO,10/5/2021,45.48,45.56,43.58,43.93,24,45.45,45.27,44.84,6.07,33.98,-7.82,40.99,60.4,68.38,36.89,"rgb(232, 232, 232)","rgb(255, 0, 0)","rgb(232, 232, 232)","rgb(232, 232, 232)","rgb(232, 232, 232)","rgb(232, 232, 232)",1.62,11.98,,,,,0,25,40,34.845348,8.279883,Agios Pharmaceuticals Inc,Biotechnology,0
147,MD_Investm,AGL,6/11/2021,37,37.34,35.5,36.8,104,36.72,35.34,34.85,20.13,26.55,34.87,22.54,42.47,49.31,18.73,"rgb(232, 232, 232)","rgb(255, 0, 0)","rgb(232, 232, 232)","rgb(232, 232, 232)","rgb(232, 232, 232)","rgb(232, 232, 232)",0.72,1.53,,,,,0,25,40,37.048023,8.209651,agilon health inc,Medical Care Facilities,0
148,MD_Investm,AGL,7/16/2021,34.6,34.99,34.04,34.1,80,35.05,36.79,36.5,7.49,32.49,-42.66,22.54,42.47,49.31,18.73,"rgb(232, 232, 232)","rgb(255, 0, 0)","rgb(232, 232, 232)","rgb(232, 232, 232)","rgb(232, 232, 232)","rgb(232, 232, 232)",0.72,1.53,,,,,0,25,40,37.048023,8.209651,agilon health inc,Medical Care Facilities,0
149,MD_Investm,AGL,10/4/2021,25.9,26.21,25.2,25.7,25,26.4,27.96,29.39,11.25,34.32,-48.26,22.54,42.47,49.31,18.73,"rgb(232, 232, 232)","rgb(255, 0, 0)","rgb(232, 232, 232)","rgb(232, 232, 232)","rgb(232, 232, 232)","rgb(232, 232, 232)",0.72,1.53,,,,,0,25,40,37.048023,8.209651,agilon health inc,Medical Care Facilities,0
150,MD_Investm,AIEQ,6/30/2021,41.84,41.99,41.34,41.45,91,41.34,40.69,39.94,29.67,20.33,19.68,38.85,43.77,49.17,34.84,"rgb(232, 232, 232)","rgb(255, 0, 0)","rgb(232, 232, 232)","rgb(232, 232, 232)","rgb(232, 232, 232)","rgb(232, 232, 232)",0.38,,,,,,0,25,40,41.248139,13.187093,AI Powered Equity ETF,ETF,0
151,MD_Investm,AIEQ,7/15/2021,40,40.39,39.49,39.75,81,40.47,40.52,40.05,8.22,57.79,-35.46,38.85,43.77,49.17,34.84,"rgb(232, 232, 232)","rgb(255, 0, 0)","rgb(232, 232, 232)","rgb(255, 255, 0)","rgb(255, 255, 0)","rgb(255, 255, 0)",0.38,,,,,,0,25,40,41.248139,13.187093,AI Powered Equity ETF,ETF,0
152,MD_Investm,AIEQ,8/13/2021,41.95,41.95,41.59,41.69,60,41.71,41.4,41.39,15.46,21.26,-15.02,38.85,43.77,49.17,34.84,"rgb(232, 232, 232)","rgb(232, 232, 232)","rgb(232, 232, 232)","rgb(232, 232, 232)","rgb(232, 232, 232)","rgb(232, 232, 232)",0.38,,,,,,0,25,40,41.248139,13.187093,AI Powered Equity ETF,ETF,49.17
153,MD_Investm,AIG,9/1/2021,54.69,54.82,54.21,54.58,47,54.45,53.8,52.42,12.72,10.54,32.47,44.97,60.37,68.79,40.09,"rgb(232, 232, 232)","rgb(232, 232, 232)","rgb(232, 232, 232)","rgb(232, 232, 232)","rgb(232, 232, 232)","rgb(232, 232, 232)",3.83,1.08,,,,,0,25,40,35.507558,10.402325,American International Group Inc,Property and Casualty Insurance,0
154,MD_Investm,AIG,9/2/2021,54.77,55.39,54.65,55.23,46,54.82,54.29,52.83,22.36,8.7,30.08,44.97,60.37,68.79,40.09,"rgb(232, 232, 232)","rgb(232, 232, 232)","rgb(232, 232, 232)","rgb(232, 232, 232)","rgb(232, 232, 232)","rgb(232, 232, 232)",3.83,1.08,,,,,0,25,40,35.507558,10.402325,American International Group Inc,Property and Casualty Insurance,0
155,MD_Investm,AIIQ,9/10/2021,35.12,35.24,34.89,34.89,41,34.83,34.14,34.01,51.15,26.72,35.7,31.67,35.17,38.76,0,"rgb(232, 232, 232)","rgb(232, 232, 232)","rgb(232, 232, 232)","rgb(232, 232, 232)","rgb(232, 232, 232)","rgb(232, 232, 232)",0.1,,,,,,0,25,40,63.024534,21.814069,AI Powered International Equity ETF,ETF,38.76
156,MD_Investm,AIMC,6/25/2021,64.57,65.22,63.85,64.11,94,63.77,64.44,64.45,23.53,17.03,-18.55,52.1,66.27,73.34,45.9,"rgb(232, 232, 232)","rgb(232, 232, 232)","rgb(232, 232, 232)","rgb(232, 232, 232)","rgb(232, 232, 232)","rgb(232, 232, 232)",2.93,1.36,,,,,0,25,40,29.941511,11.01372,Altra Industrial Motion Corp,Industrial Electrical Equipment,73.34
157,MD_Investm,AIMC,9/17/2021,55.6,55.65,54.13,54.99,36,55.96,56.79,57.34,7.57,29.21,-20.76,52.1,66.27,73.34,45.9,"rgb(232, 232, 232)","rgb(255, 0, 0)","rgb(232, 232, 232)","rgb(232, 232, 232)","rgb(232, 232, 232)","rgb(232, 232, 232)",2.93,1.36,,,,,0,25,40,29.941511,11.01372,Altra Industrial Motion Corp,Industrial Electrical Equipment,73.34
158,MD_Investm,AIMC,9/22/2021,53.66,54.97,52.5,52.69,33,54.22,55.45,56.04,13.74,21.47,-7.38,52.1,66.27,73.34,45.9,"rgb(232, 232, 232)","rgb(255, 255, 0)","rgb(232, 232, 232)","rgb(232, 232, 232)","rgb(232, 232, 232)","rgb(232, 232, 232)",2.93,1.36,,,,,0,25,40,29.941511,11.01372,Altra Industrial Motion Corp,Industrial Electrical Equipment,0
159,MD_Investm,AIMC,9/27/2021,55.29,57.85,55.29,57.72,30,56.02,57.13,57.83,31.83,10.67,-13.7,52.1,66.27,73.34,45.9,"rgb(232, 232, 232)","rgb(232, 232, 232)","rgb(232, 232, 232)","rgb(232, 232, 232)","rgb(232, 232, 232)","rgb(232, 232, 232)",2.93,1.36,,,,,0,25,40,29.941511,11.01372,Altra Industrial Motion Corp,Industrial Electrical Equipment,0
160,MD_Investm,AIMC,9/30/2021,56.98,57.22,55.11,55.35,27,55.1,55.86,56.59,18.85,17.71,-15.33,52.1,66.27,73.34,45.9,"rgb(232, 232, 232)","rgb(255, 0, 0)","rgb(232, 232, 232)","rgb(232, 232, 232)","rgb(232, 232, 232)","rgb(232, 232, 232)",2.93,1.36,,,,,0,25,40,29.941511,11.01372,Altra Industrial Motion Corp,Industrial Electrical Equipment,0
161,MD_Investm,AIMC,10/15/2021,55.41,55.68,54.09,55.14,16,54.86,55.02,55.64,17.99,23.01,-36.84,52.1,66.27,73.34,45.9,"rgb(232, 232, 232)","rgb(232, 232, 232)","rgb(232, 232, 232)","rgb(232, 232, 232)","rgb(232, 232, 232)","rgb(232, 232, 232)",2.93,1.36,,,,,0,25,40,29.941511,11.01372,Altra Industrial Motion Corp,Industrial Electrical Equipment,0
162,MD_Investm,AIN,7/13/2021,87.29,88.49,85.45,85.51,83,86.92,87.54,87.24,7.48,21.71,-45.54,74.31,90.55,102.77,66.75,"rgb(232, 232, 232)","rgb(255, 0, 0)","rgb(232, 232, 232)","rgb(232, 232, 232)","rgb(232, 232, 232)","rgb(232, 232, 232)",4.73,2.43,,,,,0,25,40,28.348953,9.565465,Albany International Corporation,Textile Industrial,0
163,MD_Investm,AIN,7/27/2021,86,88.4,84.52,85.68,73,83.57,85.5,86.41,41.32,18.19,-11.7,74.31,90.55,102.77,66.75,"rgb(232, 232, 232)","rgb(232, 232, 232)","rgb(232, 232, 232)","rgb(232, 232, 232)","rgb(232, 232, 232)","rgb(232, 232, 232)",4.73,2.43,,,,,0,25,40,28.348953,9.565465,Albany International Corporation,Textile Industrial,0
164,MD_Investm,AIN,10/15/2021,82.86,82.86,80.24,80.28,16,80.51,79.57,79.33,19.53,19.84,12.3,74.31,90.55,102.77,66.75,"rgb(232, 232, 232)","rgb(232, 232, 232)","rgb(232, 232, 232)","rgb(232, 232, 232)","rgb(232, 232, 232)","rgb(232, 232, 232)",4.73,2.43,,,,,0,25,40,28.348953,9.565465,Albany International Corporation,Textile Industrial,0
165,MD_Investm,AINV,6/11/2021,14.91,15.11,14.9,15.09,104,14.84,14.58,14.58,31.71,5.69,3.6,12.8,15.18,16.7,11.12,"rgb(232, 232, 232)","rgb(232, 232, 232)","rgb(232, 232, 232)","rgb(232, 232, 232)","rgb(232, 232, 232)","rgb(232, 232, 232)",0.23,3.14,,,,,0,25,40,28.899069,10.943488,Apollo Investment Corporation,Asset Management,0
166,MD_Investm,AGM,9/8/2021,100.09,100.4,99.65,99.99,43,99.23,99.22,98.8,36.69,15.36,4.16,94.9,132.6,148.32,84.78,"rgb(232, 232, 232)","rgb(232, 232, 232)","rgb(232, 232, 232)","rgb(232, 232, 232)","rgb(232, 232, 232)","rgb(232, 232, 232)",3.58,1.38,Federal Agricultural Mortgage Corp,11/8/2021,After Market Close,2.62,0,25,40,34.034767,13.53686,Federal Agricultural Mortgage Corporation,Credit Services,0
167,MD_Investm,AGM,9/13/2021,98.92,100.53,98.92,99.43,40,99.34,98.97,98.71,23.33,21.14,9.27,94.9,132.6,148.32,84.78,"rgb(232, 232, 232)","rgb(255, 0, 0)","rgb(232, 232, 232)","rgb(232, 232, 232)","rgb(232, 232, 232)","rgb(232, 232, 232)",3.58,1.38,Federal Agricultural Mortgage Corp,11/8/2021,After Market Close,2.62,0,25,40,34.034767,13.53686,Federal Agricultural Mortgage Corporation,Credit Services,0
168,MD_Investm,AGM,9/28/2021,110.68,111.61,110.02,111.17,29,106.74,105.07,104.5,60.86,3.2,56,94.9,132.6,148.32,84.78,"rgb(232, 232, 232)","rgb(77, 167, 75)","rgb(232, 232, 232)","rgb(232, 232, 232)","rgb(232, 232, 232)","rgb(232, 232, 232)",3.58,1.38,Federal Agricultural Mortgage Corp,11/8/2021,After Market Close,2.62,0,25,40,34.034767,13.53686,Federal Agricultural Mortgage Corporation,Credit Services,0
169,MD_Investm,AGM,11/2/2021,128.97,129.28,127.42,129.18,4,126.17,123.6,120.43,76.92,-3.62,72.61,94.9,132.6,148.32,84.78,"rgb(232, 232, 232)","rgb(77, 167, 75)","rgb(232, 232, 232)","rgb(232, 232, 232)","rgb(232, 232, 232)","rgb(232, 232, 232)",3.58,1.38,Federal Agricultural Mortgage Corp,11/8/2021,After Market Close,2.62,0,25,40,34.034767,13.53686,Federal Agricultural Mortgage Corporation,Credit Services,0
170,MD_Investm,AGNC,7/23/2021,16.33,16.36,16.07,16.12,75,16.16,16.4,16.62,20.23,37.57,-50.79,15.62,17.18,20,14.06,"rgb(232, 232, 232)","rgb(255, 0, 0)","rgb(232, 232, 232)","rgb(232, 232, 232)","rgb(232, 232, 232)","rgb(232, 232, 232)",0.25,2.38,,,,,0,25,40,35.73186,11.448953,AGNC Investment Corp,REIT,0
171,MD_Investm,AGNC,7/28/2021,16.2,16.26,15.91,16.13,72,16.15,16.32,16.5,13.11,40.98,-45.95,15.62,17.18,20,14.06,"rgb(232, 232, 232)","rgb(255, 0, 0)","rgb(232, 232, 232)","rgb(232, 232, 232)","rgb(232, 232, 232)","rgb(232, 232, 232)",0.25,2.38,,,,,0,25,40,35.73186,11.448953,AGNC Investment Corp,REIT,0
172,MD_Investm,AGNC,9/10/2021,16.09,16.1,15.93,16.01,41,16.08,16.13,16.09,4.31,22.41,-36.06,15.62,17.18,20,14.06,"rgb(232, 232, 232)","rgb(232, 232, 232)","rgb(232, 232, 232)","rgb(232, 232, 232)","rgb(232, 232, 232)","rgb(232, 232, 232)",0.25,2.38,,,,,0,25,40,35.73186,11.448953,AGNC Investment Corp,REIT,0
173,MD_Investm,AGNC,9/20/2021,15.84,15.96,15.74,15.91,35,15.95,16.05,16.04,5.75,33.33,-22.21,15.62,17.18,20,14.06,"rgb(232, 232, 232)","rgb(255, 0, 0)","rgb(232, 232, 232)","rgb(232, 232, 232)","rgb(232, 232, 232)","rgb(232, 232, 232)",0.25,2.38,,,,,0,25,40,35.73186,11.448953,AGNC Investment Corp,REIT,0
174,MD_Investm,AGO,6/23/2021,46.01,47,46.01,46.49,96,46.42,46.77,46.79,19.37,21.85,-9.31,44.81,56.18,62.65,39.91,"rgb(232, 232, 232)","rgb(255, 255, 0)","rgb(232, 232, 232)","rgb(232, 232, 232)","rgb(232, 232, 232)","rgb(232, 232, 232)",2.14,3.15,,,,,0,25,40,37.656279,9.536511,Assured Guaranty Ltd,Insurance Specialty,0
175,MD_Investm,AGO,7/8/2021,45.83,46.11,44.96,45.37,86,46.42,46.25,46.34,10.53,41.58,-5.97,44.81,56.18,62.65,39.91,"rgb(232, 232, 232)","rgb(255, 0, 0)","rgb(232, 232, 232)","rgb(232, 232, 232)","rgb(232, 232, 232)","rgb(232, 232, 232)",2.14,3.15,,,,,0,25,40,37.656279,9.536511,Assured Guaranty Ltd,Insurance Specialty,0
176,MD_Investm,AGO,7/9/2021,46.3,47.28,46.3,47.08,85,47.02,46.91,47.03,25.5,29.37,-7.67,44.81,56.18,62.65,39.91,"rgb(232, 232, 232)","rgb(232, 232, 232)","rgb(232, 232, 232)","rgb(232, 232, 232)","rgb(232, 232, 232)","rgb(232, 232, 232)",2.14,3.15,,,,,0,25,40,37.656279,9.536511,Assured Guaranty Ltd,Insurance Specialty,0
177,MD_Investm,AGO,7/13/2021,47.88,48.06,46.99,47.25,83,47.17,47.01,47.13,24.55,18.01,-10.01,44.81,56.18,62.65,39.91,"rgb(232, 232, 232)","rgb(232, 232, 232)","rgb(232, 232, 232)","rgb(232, 232, 232)","rgb(232, 232, 232)","rgb(232, 232, 232)",2.14,3.15,,,,,0,25,40,37.656279,9.536511,Assured Guaranty Ltd,Insurance Specialty,0
178,MD_Investm,AGO,8/27/2021,49.71,50.87,49.71,50.72,50,50.12,49.83,49.24,18.39,8.76,-4.61,44.81,56.18,62.65,39.91,"rgb(232, 232, 232)","rgb(255, 0, 0)","rgb(232, 232, 232)","rgb(232, 232, 232)","rgb(232, 232, 232)","rgb(232, 232, 232)",2.14,3.15,,,,,0,25,40,37.656279,9.536511,Assured Guaranty Ltd,Insurance Specialty,0
179,MD_Investm,AGO,9/23/2021,47.29,48.3,47.29,47.65,32,47.19,47.8,48.16,31.67,14.97,-11.45,44.81,56.18,62.65,39.91,"rgb(232, 232, 232)","rgb(232, 232, 232)","rgb(232, 232, 232)","rgb(232, 232, 232)","rgb(232, 232, 232)","rgb(232, 232, 232)",2.14,3.15,,,,,0,25,40,37.656279,9.536511,Assured Guaranty Ltd,Insurance Specialty,0
180,MD_Investm,AGQ,6/28/2021,46.19,46.46,45.94,46.15,93,46.04,48.42,48.99,15.74,22.17,-29.76,31.02,52.52,60.15,26.93,"rgb(232, 232, 232)","rgb(232, 232, 232)","rgb(232, 232, 232)","rgb(232, 232, 232)","rgb(232, 232, 232)","rgb(232, 232, 232)",1.2,,,,,,0,25,40,42.110697,15.921162,ProShares Ultra Silver,ETF,0
181,MD_Investm,AGQ,7/7/2021,46.78,46.93,45.5,46.08,87,46.04,47.21,48.32,20.66,22.02,-8.48,31.02,52.52,60.15,26.93,"rgb(232, 232, 232)","rgb(255, 0, 0)","rgb(232, 232, 232)","rgb(232, 232, 232)","rgb(232, 232, 232)","rgb(232, 232, 232)",1.2,,,,,,0,25,40,42.110697,15.921162,ProShares Ultra Silver,ETF,0
182,MD_Investm,AGQ,10/14/2021,35.65,36.32,35.2,36.21,17,34.79,34.45,35.56,44.93,10.7,48.14,31.02,52.52,60.15,26.93,"rgb(232, 232, 232)","rgb(77, 167, 75)","rgb(232, 232, 232)","rgb(232, 232, 232)","rgb(232, 232, 232)","rgb(232, 232, 232)",1.2,,,,,,0,25,40,42.110697,15.921162,ProShares Ultra Silver,ETF,0
183,MD_Investm,AGR,8/11/2021,53.87,54.29,53.55,53.94,62,53.39,53.2,53.04,31.23,3.41,67.85,48.46,55.3,61.13,43.6,"rgb(232, 232, 232)","rgb(77, 167, 75)","rgb(232, 232, 232)","rgb(232, 232, 232)","rgb(232, 232, 232)","rgb(232, 232, 232)",0.88,4.86,,,,,0,25,40,33.343255,5.878604,Avangrid Inc,Gas Utilities,0
184,MD_Investm,AGR,8/20/2021,54.35,55.3,54.07,54.89,55,54.63,53.99,53.77,16.76,13.3,44.75,48.46,55.3,61.13,43.6,"rgb(232, 232, 232)","rgb(255, 0, 0)","rgb(232, 232, 232)","rgb(232, 232, 232)","rgb(232, 232, 232)","rgb(232, 232, 232)",0.88,4.86,,,,,0,25,40,33.343255,5.878604,Avangrid Inc,Gas Utilities,0
185,MD_Investm,AGR,8/25/2021,53.89,54.07,53.56,53.89,52,54.21,53.73,53.47,8.4,16.54,41.48,48.46,55.3,61.13,43.6,"rgb(232, 232, 232)","rgb(255, 0, 0)","rgb(232, 232, 232)","rgb(232, 232, 232)","rgb(232, 232, 232)","rgb(232, 232, 232)",0.88,4.86,,,,,0,25,40,33.343255,5.878604,Avangrid Inc,Gas Utilities,0
186,MD_Investm,AGR,10/14/2021,52.79,53.14,52.73,53.02,17,51.92,51.5,52.23,47.89,0.18,43.55,48.46,55.3,61.13,43.6,"rgb(232, 232, 232)","rgb(77, 167, 75)","rgb(232, 232, 232)","rgb(232, 232, 232)","rgb(232, 232, 232)","rgb(232, 232, 232)",0.88,4.86,,,,,0,25,40,33.343255,5.878604,Avangrid Inc,Gas Utilities,0
187,MD_Investm,AGR,10/21/2021,52.69,52.92,52.13,52.14,12,52.03,51.3,51.59,43.16,19.89,37.14,48.46,55.3,61.13,43.6,"rgb(232, 232, 232)","rgb(232, 232, 232)","rgb(232, 232, 232)","rgb(232, 232, 232)","rgb(232, 232, 232)","rgb(232, 232, 232)",0.88,4.86,,,,,0,25,40,33.343255,5.878604,Avangrid Inc,Gas Utilities,0
188,MD_Investm,AGRO,6/11/2021,11.45,11.74,11.37,11.74,104,11.52,11.18,10.88,34.29,10,10.57,8.52,11.45,12.95,7.61,"rgb(232, 232, 232)","rgb(232, 232, 232)","rgb(232, 232, 232)","rgb(232, 232, 232)","rgb(232, 232, 232)","rgb(232, 232, 232)",0.3,4.68,Adecoagro SA,11/11/2021,After Market Close,0,0,25,40,36.261976,12.135232,Adecoagro SA,Farm Products,0
189,MD_Investm,AGRO,7/7/2021,9.77,9.83,9.26,9.54,87,9.91,10.27,10.28,1.49,53.47,-67.26,8.52,11.45,12.95,7.61,"rgb(232, 232, 232)","rgb(255, 0, 0)","rgb(232, 232, 232)","rgb(232, 232, 232)","rgb(232, 232, 232)","rgb(232, 232, 232)",0.3,4.68,Adecoagro SA,11/11/2021,After Market Close,0,0,25,40,36.261976,12.135232,Adecoagro SA,Farm Products,12.95
190,MD_Investm,AGRO,7/29/2021,9.58,9.79,9.5,9.65,71,9.44,9.55,9.88,37.42,12.88,18.49,8.52,11.45,12.95,7.61,"rgb(255, 255, 0)","rgb(232, 232, 232)","rgb(232, 232, 232)","rgb(232, 232, 232)","rgb(232, 232, 232)","rgb(232, 232, 232)",0.3,4.68,Adecoagro SA,11/11/2021,After Market Close,0,0,25,40,36.261976,12.135232,Adecoagro SA,Farm Products,0
191,MD_Investm,AGRO,8/10/2021,9.72,10.09,9.71,10.08,63,9.8,9.69,9.84,42.86,6.43,17.55,8.52,11.45,12.95,7.61,"rgb(232, 232, 232)","rgb(232, 232, 232)","rgb(232, 232, 232)","rgb(232, 232, 232)","rgb(232, 232, 232)","rgb(232, 232, 232)",0.3,4.68,Adecoagro SA,11/11/2021,After Market Close,0,0,25,40,36.261976,12.135232,Adecoagro SA,Farm Products,0
192,MD_Investm,AGRO,11/2/2021,8.78,8.81,8.51,8.65,4,8.87,8.86,8.91,21.43,28.02,9.1,8.52,11.45,12.95,7.61,"rgb(232, 232, 232)","rgb(255, 0, 0)","rgb(232, 232, 232)","rgb(232, 232, 232)","rgb(232, 232, 232)","rgb(232, 232, 232)",0.3,4.68,Adecoagro SA,11/11/2021,After Market Close,0,0,25,40,36.261976,12.135232,Adecoagro SA,Farm Products,0
193,MD_Investm,AGRX,6/15/2021,1.54,1.55,1.5,1.52,102,1.54,1.56,1.56,17.39,26.09,-26.73,0.68,1.42,1.75,0.59,"rgb(232, 232, 232)","rgb(255, 0, 0)","rgb(232, 232, 232)","rgb(232, 232, 232)","rgb(232, 232, 232)","rgb(232, 232, 232)",0.05,1.9,,,,,0,25,40,44.165813,4.894302,Agile Therapeutics Inc,Drugs Generic,0
194,MD_Investm,AGRX,10/14/2021,0.81,0.81,0.76,0.79,17,0.82,0.88,0.93,23.08,33.33,-19.39,0.68,1.42,1.75,0.59,"rgb(232, 232, 232)","rgb(232, 232, 232)","rgb(232, 232, 232)","rgb(232, 232, 232)","rgb(232, 232, 232)","rgb(232, 232, 232)",0.05,1.9,,,,,0,25,40,44.165813,4.894302,Agile Therapeutics Inc,Drugs Generic,0
195,MD_Investm,AGS,6/16/2021,10.25,10.45,9.96,10.28,101,10.41,10.24,9.91,21.59,34.09,15.75,6.68,10.45,12.45,5.94,"rgb(232, 232, 232)","rgb(255, 0, 0)","rgb(232, 232, 232)","rgb(232, 232, 232)","rgb(232, 232, 232)","rgb(232, 232, 232)",0.7,1.85,,,,,0,25,40,29.469647,12.201882,PlayAGS Inc,Gaming Activities,0
196,MD_Investm,AGS,6/24/2021,10.32,10.68,10.28,10.59,95,10.38,10.45,10.18,24.91,16.12,-13.6,6.68,10.45,12.45,5.94,"rgb(232, 232, 232)","rgb(232, 232, 232)","rgb(232, 232, 232)","rgb(232, 232, 232)","rgb(232, 232, 232)","rgb(232, 232, 232)",0.7,1.85,,,,,0,25,40,29.469647,12.201882,PlayAGS Inc,Gaming Activities,0
197,MD_Investm,AGS,7/26/2021,7.65,7.97,7.6,7.84,74,7.73,8.28,8.69,19.86,26.35,-25.44,6.68,10.45,12.45,5.94,"rgb(232, 232, 232)","rgb(232, 232, 232)","rgb(232, 232, 232)","rgb(232, 232, 232)","rgb(232, 232, 232)","rgb(232, 232, 232)",0.7,1.85,,,,,0,25,40,29.469647,12.201882,PlayAGS Inc,Gaming Activities,0
198,MD_Investm,AGS,8/6/2021,8.52,8.88,8.45,8.45,65,8.11,8.11,8.54,41.9,7.75,0.45,6.68,10.45,12.45,5.94,"rgb(232, 232, 232)","rgb(232, 232, 232)","rgb(232, 232, 232)","rgb(232, 232, 232)","rgb(232, 232, 232)","rgb(232, 232, 232)",0.7,1.85,,,,,0,25,40,29.469647,12.201882,PlayAGS Inc,Gaming Activities,0
199,MD_Investm,AGS,9/14/2021,7.56,7.56,7.15,7.38,39,7.63,7.65,7.67,7.73,25,-16.67,6.68,10.45,12.45,5.94,"rgb(232, 232, 232)","rgb(255, 0, 0)","rgb(232, 232, 232)","rgb(232, 232, 232)","rgb(232, 232, 232)","rgb(232, 232, 232)",0.7,1.85,,,,,0,25,40,29.469647,12.201882,PlayAGS Inc,Gaming Activities,0
200,MD_Investm,AGTC,7/9/2021,3.97,4,3.83,3.99,85,3.97,4.08,4.08,15.89,21.5,-27.63,2.56,4.4,5.12,2.27,"rgb(232, 232, 232)","rgb(232, 232, 232)","rgb(232, 232, 232)","rgb(232, 232, 232)","rgb(232, 232, 232)","rgb(232, 232, 232)",0.25,7.15,,,,,0,25,40,33.003604,9.556279,Applied Genetic Technologies Corporation,Biotechnology,0
201,MD_Investm,AGTC,8/19/2021,3.32,3.32,3.15,3.18,56,3.39,3.45,3.49,3.49,40.7,-22.84,2.56,4.4,5.12,2.27,"rgb(232, 232, 232)","rgb(255, 0, 0)","rgb(232, 232, 232)","rgb(232, 232, 232)","rgb(232, 232, 232)","rgb(232, 232, 232)",0.25,7.15,,,,,0,25,40,33.003604,9.556279,Applied Genetic Technologies Corporation,Biotechnology,0
202,MD_Investm,AGTC,10/18/2021,2.66,2.7,2.58,2.63,15,2.66,2.8,2.92,14.71,32.35,-28.27,2.56,4.4,5.12,2.27,"rgb(232, 232, 232)","rgb(255, 0, 0)","rgb(232, 232, 232)","rgb(232, 232, 232)","rgb(232, 232, 232)","rgb(232, 232, 232)",0.25,7.15,,,,,0,25,40,33.003604,9.556279,Applied Genetic Technologies Corporation,Biotechnology,0
203,MD_Investm,AGX,8/25/2021,45.16,45.35,44.77,45.07,52,45.05,45.06,45.09,16.67,13.6,19.3,41.41,48.1,54.56,37,"rgb(232, 232, 232)","rgb(232, 232, 232)","rgb(232, 232, 232)","rgb(232, 232, 232)","rgb(232, 232, 232)","rgb(232, 232, 232)",1.52,0.94,Argan Inc,12/7/2021,Time Not Supplied,0.47,0,25,40,21.774186,9.136279,Argan Inc,Heavy Construction,0
204,MD_Investm,AGX,10/18/2021,44.36,44.79,44.05,44.32,15,44.13,44.17,44.53,16.97,5.4,2.65,41.41,48.1,54.56,37,"rgb(232, 232, 232)","rgb(255, 255, 0)","rgb(232, 232, 232)","rgb(232, 232, 232)","rgb(232, 232, 232)","rgb(232, 232, 232)",1.52,0.94,Argan Inc,12/7/2021,Time Not Supplied,0.47,0,25,40,21.774186,9.136279,Argan Inc,Heavy Construction,0
205,MD_Investm,AGYS,8/12/2021,57.4,58.42,56.47,57.91,61,57.1,56.79,56.98,23.58,17.8,-14.9,42.06,57.78,65.56,36.25,"rgb(232, 232, 232)","rgb(232, 232, 232)","rgb(232, 232, 232)","rgb(232, 232, 232)","rgb(232, 232, 232)","rgb(232, 232, 232)",2.81,2.06,,,,,0,25,40,37.348139,13.116976,Agilysys Inc,Application Software,0
206,MD_Investm,AGYS,10/13/2021,52.62,54.07,52.22,53.67,18,53.3,53,53.48,23.78,21.82,-7.59,42.06,57.78,65.56,36.25,"rgb(232, 232, 232)","rgb(232, 232, 232)","rgb(232, 232, 232)","rgb(232, 232, 232)","rgb(232, 232, 232)","rgb(232, 232, 232)",2.81,2.06,,,,,0,25,40,37.348139,13.116976,Agilysys Inc,Application Software,0
207,MD_Investm,AGYS,11/2/2021,47.58,48.33,47.07,47.51,4,48.09,49.63,49.97,24.17,33.54,-28.5,42.06,57.78,65.56,36.25,"rgb(232, 232, 232)","rgb(232, 232, 232)","rgb(232, 232, 232)","rgb(232, 232, 232)","rgb(232, 232, 232)","rgb(232, 232, 232)",2.81,2.06,,,,,0,25,40,37.348139,13.116976,Agilysys Inc,Application Software,0
208,MD_Investm,AGZ,9/2/2021,119.15,119.22,119.15,119.2,46,119.15,119.12,119.16,23.94,18.31,1.59,117.66,119.3,131.45,105.89,"rgb(232, 232, 232)","rgb(255, 0, 0)","rgb(232, 232, 232)","rgb(232, 232, 232)","rgb(232, 232, 232)","rgb(232, 232, 232)",0.33,,,,,,0,25,40,37.594651,16.80593,iShares Agency Bond ETF,ETF,0
209,MD_Investm,AHCO,6/29/2021,28.06,28.2,27.43,27.88,92,28.35,27.68,27.16,13.03,27.75,13.61,21.2,29.62,33.36,18.9,"rgb(232, 232, 232)","rgb(255, 0, 0)","rgb(232, 232, 232)","rgb(232, 232, 232)","rgb(232, 232, 232)","rgb(232, 232, 232)",2.34,7.27,,,,,0,25,40,29.100697,5.705116,AdaptHealth Corp ,#N/A,0
210,MD_Investm,AHCO,9/27/2021,23.23,23.82,22.69,23.77,30,23.73,23.94,23.94,7.44,20.87,-29.64,21.2,29.62,33.36,18.9,"rgb(232, 232, 232)","rgb(255, 0, 0)","rgb(232, 232, 232)","rgb(232, 232, 232)","rgb(232, 232, 232)","rgb(232, 232, 232)",2.34,7.27,,,,,0,25,40,29.100697,5.705116,AdaptHealth Corp ,#N/A,0
211,MD_Investm,AHCO,11/1/2021,27.29,27.51,26.87,27.01,5,26.4,25.69,25.42,41.4,5.1,39.01,21.2,29.62,33.36,18.9,"rgb(232, 232, 232)","rgb(232, 232, 232)","rgb(232, 232, 232)","rgb(232, 232, 232)","rgb(232, 232, 232)","rgb(232, 232, 232)",2.34,7.27,,,,,0,25,40,29.100697,5.705116,AdaptHealth Corp ,#N/A,0
212,MD_Investm,AHH,10/28/2021,13.53,13.72,13.51,13.7,7,13.55,13.59,13.54,29.53,21.48,-0.3,12.7,15.14,17.19,11.39,"rgb(232, 232, 232)","rgb(232, 232, 232)","rgb(232, 232, 232)","rgb(232, 232, 232)","rgb(232, 232, 232)","rgb(232, 232, 232)",0.68,0.65,,,,,0,25,40,26.04,12.973139,Armada Hoffler Properties Inc,REIT,0
213,MD_Investm,ABTX,6/28/2021,39.95,39.95,38.88,39.07,93,39.48,39.91,39.83,14.86,26.27,-48.93,34.76,41.05,45.89,30.87,"rgb(232, 232, 232)","rgb(255, 0, 0)","rgb(232, 232, 232)","rgb(232, 232, 232)","rgb(232, 232, 232)","rgb(232, 232, 232)",1.31,1.52,,,,,0,25,40,31.498705,5.786,Allegiance Bancshares Inc,Regional Southwest Banks,0
214,MD_Investm,ABTX,7/14/2021,36.81,36.81,36.09,36.2,82,36.82,37.65,38.17,18.31,22.04,-35.14,34.76,41.05,45.89,30.87,"rgb(232, 232, 232)","rgb(255, 0, 0)","rgb(232, 232, 232)","rgb(232, 232, 232)","rgb(232, 232, 232)","rgb(232, 232, 232)",1.31,1.52,,,,,0,25,40,31.498705,5.786,Allegiance Bancshares Inc,Regional Southwest Banks,0
215,MD_Investm,ABTX,8/10/2021,38.17,38.18,37.53,38,63,37.37,36.95,37.42,31.75,2.81,34.69,34.76,41.05,45.89,30.87,"rgb(232, 232, 232)","rgb(77, 167, 75)","rgb(232, 232, 232)","rgb(232, 232, 232)","rgb(232, 232, 232)","rgb(232, 232, 232)",1.31,1.52,,,,,0,25,40,31.498705,5.786,Allegiance Bancshares Inc,Regional Southwest Banks,0
216,MD_Investm,ABTX,9/22/2021,35.4,36.35,34.81,35.69,33,35.52,35.99,36.27,20.95,1.18,48.81,34.76,41.05,45.89,30.87,"rgb(232, 232, 232)","rgb(255, 0, 0)","rgb(232, 232, 232)","rgb(232, 232, 232)","rgb(232, 232, 232)","rgb(232, 232, 232)",1.31,1.52,,,,,0,25,40,31.498705,5.786,Allegiance Bancshares Inc,Regional Southwest Banks,0
217,MD_Investm,ABUS,6/24/2021,3.24,3.56,3.24,3.29,95,3.25,3.2,3.1,52.27,17.05,16.67,2.59,4.5,5.21,2.29,"rgb(232, 232, 232)","rgb(232, 232, 232)","rgb(232, 232, 232)","rgb(232, 232, 232)","rgb(232, 232, 232)","rgb(232, 232, 232)",0.48,4.84,,,,,0,25,40,32.949534,8.677209,Arbutus Biopharma Corporation,Biotechnology,0
218,MD_Investm,ABUS,8/25/2021,3.22,3.35,3.18,3.26,52,3.15,3.09,3.04,35.45,10.91,38,2.59,4.5,5.21,2.29,"rgb(232, 232, 232)","rgb(77, 167, 75)","rgb(232, 232, 232)","rgb(232, 232, 232)","rgb(232, 232, 232)","rgb(232, 232, 232)",0.48,4.84,,,,,0,25,40,32.949534,8.677209,Arbutus Biopharma Corporation,Biotechnology,0
219,MD_Investm,ABUS,10/4/2021,4.25,4.27,4.08,4.13,25,4.29,4.17,3.95,8.93,28.57,-12.74,2.59,4.5,5.21,2.29,"rgb(232, 232, 232)","rgb(255, 0, 0)","rgb(232, 232, 232)","rgb(232, 232, 232)","rgb(232, 232, 232)","rgb(232, 232, 232)",0.48,4.84,,,,,0,25,40,32.949534,8.677209,Arbutus Biopharma Corporation,Biotechnology,0
220,MD_Investm,ACA,7/1/2021,59.26,59.26,58.44,58.63,90,58.66,59.06,59.73,12.93,18.18,-37.9,48.44,60.91,67.49,43.36,"rgb(232, 232, 232)","rgb(255, 0, 0)","rgb(232, 232, 232)","rgb(232, 232, 232)","rgb(232, 232, 232)","rgb(232, 232, 232)",3.1,2.4,,,,,0,25,40,34.435116,12.637906,Arcosa Inc,Infrastructure Operations,0
221,MD_Investm,ACA,7/9/2021,55.62,56.73,55.62,56.01,85,56.84,57.37,58.19,19.74,37.84,-46.34,48.44,60.91,67.49,43.36,"rgb(232, 232, 232)","rgb(232, 232, 232)","rgb(232, 232, 232)","rgb(232, 232, 232)","rgb(232, 232, 232)","rgb(232, 232, 232)",3.1,2.4,,,,,0,25,40,34.435116,12.637906,Arcosa Inc,Infrastructure Operations,0
222,MD_Investm,ACA,7/13/2021,55.81,56.25,55.16,55.36,83,56.12,56.84,57.7,13.72,31.03,-49.59,48.44,60.91,67.49,43.36,"rgb(232, 232, 232)","rgb(255, 0, 0)","rgb(232, 232, 232)","rgb(232, 232, 232)","rgb(232, 232, 232)","rgb(232, 232, 232)",3.1,2.4,,,,,0,25,40,34.435116,12.637906,Arcosa Inc,Infrastructure Operations,0
223,MD_Investm,ACA,10/7/2021,52,52.89,51.74,51.87,22,51.32,50.77,50.97,22.99,5.75,30.65,48.44,60.91,67.49,43.36,"rgb(232, 232, 232)","rgb(232, 232, 232)","rgb(232, 232, 232)","rgb(232, 232, 232)","rgb(232, 232, 232)","rgb(232, 232, 232)",3.1,2.4,,,,,0,25,40,34.435116,12.637906,Arcosa Inc,Infrastructure Operations,0
224,MD_Investm,ACAD,10/4/2021,17.38,17.55,16.65,16.79,25,16.97,16.73,16.8,18.64,10.24,63.08,15.75,27.09,30.45,14.11,"rgb(232, 232, 232)","rgb(232, 232, 232)","rgb(232, 232, 232)","rgb(232, 232, 232)","rgb(232, 232, 232)","rgb(232, 232, 232)",0.58,4.74,ACADIA Pharmaceuticals Inc,11/8/2021,After Market Close,-0.26,0,25,40,34.753488,9.704069,ACADIA Pharmaceuticals Inc,Biotechnology,0
225,MD_Investm,ACAD,11/2/2021,20.18,20.18,19.06,19.18,4,18.66,18.36,18.16,29.62,7.04,24.07,15.75,27.09,30.45,14.11,"rgb(232, 232, 232)","rgb(232, 232, 232)","rgb(232, 232, 232)","rgb(232, 232, 232)","rgb(232, 232, 232)","rgb(232, 232, 232)",0.58,4.74,ACADIA Pharmaceuticals Inc,11/8/2021,After Market Close,-0.26,0,25,40,34.753488,9.704069,ACADIA Pharmaceuticals Inc,Biotechnology,0
226,MD_Investm,ACB,10/1/2021,6.88,7.12,6.82,7.08,26,6.7,6.82,6.89,31.44,9.28,25.41,6.01,9.25,11.01,5.27,"rgb(232, 232, 232)","rgb(77, 167, 75)","rgb(232, 232, 232)","rgb(232, 232, 232)","rgb(232, 232, 232)","rgb(232, 232, 232)",0.42,17.59,,,,,0,25,40,35.150823,8.900352,Aurora Cannabis Inc.,Drug Manufacturers—Specialty & Generic,0
227,MD_Investm,ACB,10/15/2021,7.28,7.29,7.01,7.03,16,7.12,6.88,6.93,27.66,17.02,42.22,6.01,9.25,11.01,5.27,"rgb(232, 232, 232)","rgb(232, 232, 232)","rgb(232, 232, 232)","rgb(232, 232, 232)","rgb(232, 232, 232)","rgb(232, 232, 232)",0.42,17.59,,,,,0,25,40,35.150823,8.900352,Aurora Cannabis Inc.,Drug Manufacturers—Specialty & Generic,0
228,MD_Investm,ACC,7/27/2021,50.5,51.69,50.21,50.93,73,50.49,49.85,49.69,40.22,14.39,8.65,46.86,54.32,60.67,42.05,"rgb(232, 232, 232)","rgb(232, 232, 232)","rgb(232, 232, 232)","rgb(232, 232, 232)","rgb(232, 232, 232)","rgb(232, 232, 232)",1.1,1.78,,,,,0,25,40,31.48279,10.905697,American Campus Communities Inc,REIT,0
229,MD_Investm,AKBA,6/15/2021,3.66,3.67,3.47,3.52,102,3.54,3.5,3.43,17.5,23.75,30.34,2.36,4.15,4.76,2.12,"rgb(232, 232, 232)","rgb(255, 0, 0)","rgb(232, 232, 232)","rgb(232, 232, 232)","rgb(232, 232, 232)","rgb(232, 232, 232)",0.2,0,,,,,0,25,40,31.640348,9.386976,Akebia Therapeutics Inc,Biotechnology,0
230,MD_Investm,AKBA,7/2/2021,3.88,3.9,3.68,3.71,89,3.84,3.72,3.65,20.2,25.25,-0.25,2.36,4.15,4.76,2.12,"rgb(232, 232, 232)","rgb(255, 0, 0)","rgb(232, 232, 232)","rgb(232, 232, 232)","rgb(232, 232, 232)","rgb(232, 232, 232)",0.2,0,,,,,0,25,40,31.640348,9.386976,Akebia Therapeutics Inc,Biotechnology,0
231,MD_Investm,AKBA,8/10/2021,2.77,2.77,2.61,2.64,63,2.63,2.71,2.94,16.13,17.2,-14.65,2.36,4.15,4.76,2.12,"rgb(232, 232, 232)","rgb(255, 0, 0)","rgb(232, 232, 232)","rgb(232, 232, 232)","rgb(232, 232, 232)","rgb(232, 232, 232)",0.2,0,,,,,0,25,40,31.640348,9.386976,Akebia Therapeutics Inc,Biotechnology,0
232,MD_Investm,AKBA,8/13/2021,2.63,2.64,2.51,2.52,60,2.59,2.59,2.81,9.64,19.28,-3.06,2.36,4.15,4.76,2.12,"rgb(232, 232, 232)","rgb(255, 0, 0)","rgb(232, 232, 232)","rgb(232, 232, 232)","rgb(232, 232, 232)","rgb(232, 232, 232)",0.2,0,,,,,0,25,40,31.640348,9.386976,Akebia Therapeutics Inc,Biotechnology,0
233,MD_Investm,AKBA,9/29/2021,3,3,2.85,2.86,28,2.88,2.89,2.82,20.59,19.12,-9.86,2.36,4.15,4.76,2.12,"rgb(232, 232, 232)","rgb(255, 0, 0)","rgb(232, 232, 232)","rgb(232, 232, 232)","rgb(232, 232, 232)","rgb(232, 232, 232)",0.2,0,,,,,0,25,40,31.640348,9.386976,Akebia Therapeutics Inc,Biotechnology,0
234,MD_Investm,AKBA,10/11/2021,2.83,2.97,2.77,2.93,20,2.87,2.88,2.89,21.43,10,-11.1,2.36,4.15,4.76,2.12,"rgb(232, 232, 232)","rgb(232, 232, 232)","rgb(232, 232, 232)","rgb(232, 232, 232)","rgb(232, 232, 232)","rgb(232, 232, 232)",0.2,0,,,,,0,25,40,31.640348,9.386976,Akebia Therapeutics Inc,Biotechnology,0
235,MD_Investm,AKR,6/18/2021,21.26,21.4,20.99,20.93,99,21.57,21.39,21.26,7.94,41.27,-4.04,19.79,23,25.63,17.69,"rgb(232, 232, 232)","rgb(255, 0, 0)","rgb(232, 232, 232)","rgb(232, 232, 232)","rgb(232, 232, 232)","rgb(232, 232, 232)",0.9,0,,,,,0,25,40,28.70372,12.746627,Acadia Realty Trust,REIT,0
236,MD_Investm,AKR,8/5/2021,20.75,21.43,20.75,21.41,66,21.25,21.33,21.44,12.69,13.21,6.56,19.79,23,25.63,17.69,"rgb(232, 232, 232)","rgb(255, 255, 0)","rgb(232, 232, 232)","rgb(232, 232, 232)","rgb(232, 232, 232)","rgb(232, 232, 232)",0.9,0,,,,,0,25,40,28.70372,12.746627,Acadia Realty Trust,REIT,0
237,MD_Investm,AKR,8/31/2021,21.22,21.36,21.1,21.22,48,21.06,21.14,21.15,24.52,-1.15,27.1,19.79,23,25.63,17.69,"rgb(232, 232, 232)","rgb(232, 232, 232)","rgb(232, 232, 232)","rgb(232, 232, 232)","rgb(232, 232, 232)","rgb(232, 232, 232)",0.9,0,,,,,0,25,40,28.70372,12.746627,Acadia Realty Trust,REIT,0
238,MD_Investm,AKR,9/22/2021,20.28,20.55,20.11,20.36,33,20.4,20.65,20.7,18.01,30.27,-31.05,19.79,23,25.63,17.69,"rgb(232, 232, 232)","rgb(232, 232, 232)","rgb(232, 232, 232)","rgb(232, 232, 232)","rgb(232, 232, 232)","rgb(232, 232, 232)",0.9,0,,,,,0,25,40,28.70372,12.746627,Acadia Realty Trust,REIT,0
239,MD_Investm,AKR,10/15/2021,22.99,23,22.38,22.43,16,22.07,21.65,21.61,46,7.2,37.64,19.79,23,25.63,17.69,"rgb(232, 232, 232)","rgb(232, 232, 232)","rgb(232, 232, 232)","rgb(232, 232, 232)","rgb(232, 232, 232)","rgb(232, 232, 232)",0.9,0,,,,,0,25,40,28.70372,12.746627,Acadia Realty Trust,REIT,0
240,MD_Investm,AKRO,8/23/2021,23.06,23.06,21.26,22.02,54,20.69,21.1,21.77,42.96,8.17,25.27,18.51,29.86,33.58,15.89,"rgb(232, 232, 232)","rgb(232, 232, 232)","rgb(232, 232, 232)","rgb(232, 232, 232)","rgb(232, 232, 232)","rgb(232, 232, 232)",1.16,10.87,Akero Therapeutics Inc,11/10/2021,Time Not Supplied,-0.91,0,25,40,34.20593,8.690116,Akero Therapeutics Inc.,Biotechnology,0
241,MD_Investm,AKRO,9/23/2021,23.36,24.15,23.05,24.12,32,24.19,24,23.1,22.14,14.82,-3.94,18.51,29.86,33.58,15.89,"rgb(232, 232, 232)","rgb(255, 0, 0)","rgb(232, 232, 232)","rgb(232, 232, 232)","rgb(232, 232, 232)","rgb(232, 232, 232)",1.16,10.87,Akero Therapeutics Inc,11/10/2021,Time Not Supplied,-0.91,0,25,40,34.20593,8.690116,Akero Therapeutics Inc.,Biotechnology,0
242,MD_Investm,AKRO,10/6/2021,21.19,21.78,20.82,21.62,23,22.13,22.76,22.58,3.3,27.63,-27.09,18.51,29.86,33.58,15.89,"rgb(232, 232, 232)","rgb(255, 0, 0)","rgb(232, 232, 232)","rgb(232, 232, 232)","rgb(232, 232, 232)","rgb(232, 232, 232)",1.16,10.87,Akero Therapeutics Inc,11/10/2021,Time Not Supplied,-0.91,0,25,40,34.20593,8.690116,Akero Therapeutics Inc.,Biotechnology,0
243,MD_Investm,AKTS,7/29/2021,9.51,10.05,9.44,9.96,71,9.62,9.86,10.06,39.69,22.57,0.44,7.2,10.85,12.65,6.38,"rgb(232, 232, 232)","rgb(232, 232, 232)","rgb(232, 232, 232)","rgb(232, 232, 232)","rgb(232, 232, 232)","rgb(232, 232, 232)",0.36,8.72,,,,,0,25,40,38.433837,12.092558,Akoustis Technologies Inc,Communication Equipment,0
244,MD_Investm,AKTS,8/11/2021,9.44,9.44,9.05,9.11,62,9.33,9.31,9.55,9.66,24.43,-37.24,7.2,10.85,12.65,6.38,"rgb(232, 232, 232)","rgb(255, 0, 0)","rgb(232, 232, 232)","rgb(232, 232, 232)","rgb(232, 232, 232)","rgb(232, 232, 232)",0.36,8.72,,,,,0,25,40,38.433837,12.092558,Akoustis Technologies Inc,Communication Equipment,0
245,MD_Investm,ADTX,9/3/2021,1.82,1.82,1.71,1.77,45,1.93,1.92,1.97,36.13,29.41,20.96,1.51,2.78,4.35,1.36,"rgb(232, 232, 232)","rgb(255, 0, 0)","rgb(232, 232, 232)","rgb(232, 232, 232)","rgb(232, 232, 232)","rgb(232, 232, 232)",0.58,5.6,,,,,0,25,40,33.379069,12.263255,ADiTx Therapeutics Inc.,Biotechnology,0
246,MD_Investm,ADTX,10/11/2021,1.77,1.87,1.71,1.78,20,1.71,1.71,1.78,41.18,10.78,28.63,1.51,2.78,4.35,1.36,"rgb(232, 232, 232)","rgb(232, 232, 232)","rgb(232, 232, 232)","rgb(232, 232, 232)","rgb(232, 232, 232)","rgb(232, 232, 232)",0.58,5.6,,,,,0,25,40,33.379069,12.263255,ADiTx Therapeutics Inc.,Biotechnology,0
247,MD_Investm,ADTX,10/12/2021,1.77,1.87,1.72,1.81,19,1.73,1.73,1.79,35.42,9.38,31.05,1.51,2.78,4.35,1.36,"rgb(232, 232, 232)","rgb(77, 167, 75)","rgb(232, 232, 232)","rgb(232, 232, 232)","rgb(232, 232, 232)","rgb(232, 232, 232)",0.58,5.6,,,,,0,25,40,33.379069,12.263255,ADiTx Therapeutics Inc.,Biotechnology,0
248,MD_Investm,ADTX,10/28/2021,1.63,1.64,1.58,1.62,7,1.62,1.66,1.66,25,21.15,30.61,1.51,2.78,4.35,1.36,"rgb(232, 232, 232)","rgb(232, 232, 232)","rgb(232, 232, 232)","rgb(232, 232, 232)","rgb(232, 232, 232)","rgb(232, 232, 232)",0.58,5.6,,,,,0,25,40,33.379069,12.263255,ADiTx Therapeutics Inc.,Biotechnology,0
249,MD_Investm,ADUS,7/9/2021,84.66,85.28,84.58,84.64,85,85.8,85.81,87.72,19.09,30.15,-0.92,73.62,99.99,115.46,65.75,"rgb(232, 232, 232)","rgb(255, 0, 0)","rgb(255, 0, 0)","rgb(232, 232, 232)","rgb(232, 232, 232)","rgb(232, 232, 232)",3.85,2.7,,,,,0,25,40,30.954069,13.425348,Addus HomeCare Corporation,Home Health Care,0
250,MD_Investm,ADUS,8/19/2021,90.02,91.13,86.59,86.72,56,88.96,87.67,86.79,11.52,33.03,10.35,73.62,99.99,115.46,65.75,"rgb(232, 232, 232)","rgb(255, 0, 0)","rgb(232, 232, 232)","rgb(232, 232, 232)","rgb(232, 232, 232)","rgb(232, 232, 232)",3.85,2.7,,,,,0,25,40,30.954069,13.425348,Addus HomeCare Corporation,Home Health Care,0
251,MD_Investm,ADUS,10/6/2021,75.15,75.38,73.23,74.59,23,77.82,79.81,81.23,4.6,44.43,-33.92,73.62,99.99,115.46,65.75,"rgb(232, 232, 232)","rgb(255, 0, 0)","rgb(232, 232, 232)","rgb(255, 255, 0)","rgb(255, 255, 0)","rgb(255, 255, 0)",3.85,2.7,,,,,0,25,40,30.954069,13.425348,Addus HomeCare Corporation,Home Health Care,0
252,MD_Investm,ADV,8/19/2021,9.01,9.09,8.81,8.95,56,9.19,9.43,9.54,16.02,24.76,-22.51,8.22,12.3,13.66,7.34,"rgb(232, 232, 232)","rgb(255, 0, 0)","rgb(232, 232, 232)","rgb(232, 232, 232)","rgb(232, 232, 232)","rgb(232, 232, 232)",0.36,4.44,,,,,0,25,40,24.709186,4.536511,Advantage Solutions Inc,Advertising Agencies,0
253,MD_Investm,ADV,9/29/2021,8.45,8.61,8.33,8.5,28,8.52,8.55,8.68,10.91,10.91,17.47,8.22,12.3,13.66,7.34,"rgb(232, 232, 232)","rgb(255, 0, 0)","rgb(232, 232, 232)","rgb(232, 232, 232)","rgb(232, 232, 232)","rgb(232, 232, 232)",0.36,4.44,,,,,0,25,40,24.709186,4.536511,Advantage Solutions Inc,Advertising Agencies,0
254,MD_Investm,ADVM,7/16/2021,3.12,3.2,3.07,3.09,80,3.23,3.34,3.35,15,40,-41.15,1.9,3.77,4.25,1.7,"rgb(232, 232, 232)","rgb(255, 0, 0)","rgb(232, 232, 232)","rgb(232, 232, 232)","rgb(232, 232, 232)","rgb(232, 232, 232)",0.14,8.43,,,,,0,25,40,35.859883,11.969069,Adverum Biotechnologies Inc,Biotechnology,0
255,MD_Investm,AEE,6/14/2021,85.71,86.04,85.11,85.84,103,85.71,85.16,85.07,20.95,14.94,-9.22,79.97,89.52,99.85,71.42,"rgb(232, 232, 232)","rgb(255, 0, 0)","rgb(232, 232, 232)","rgb(232, 232, 232)","rgb(232, 232, 232)","rgb(232, 232, 232)",1.49,0.92,,,,,0,25,40,35.533529,9.627294,Ameren Corporation,Electric Utilities,0
256,MD_Investm,AEE,8/26/2021,87.25,87.78,86.73,87.62,51,88.23,87.47,86.6,12.17,27,6.29,79.97,89.52,99.85,71.42,"rgb(232, 232, 232)","rgb(232, 232, 232)","rgb(232, 232, 232)","rgb(232, 232, 232)","rgb(232, 232, 232)","rgb(232, 232, 232)",1.49,0.92,,,,,0,25,40,35.533529,9.627294,Ameren Corporation,Electric Utilities,0
257,MD_Investm,AEE,11/5/2021,84.73,85.86,84.53,85.5,1,84.97,84.52,84.17,,,,79.97,89.52,99.85,71.42,,,,,,,1.49,0.92,,,,,0,25,40,35.533529,9.627294,Ameren Corporation,Electric Utilities,0
258,MD_Investm,AEG,7/2/2021,4.14,4.15,4.1,4.13,89,4.15,4.25,4.34,18.75,40.63,-30.75,3.92,5.29,5.82,3.5,"rgb(232, 232, 232)","rgb(232, 232, 232)","rgb(232, 232, 232)","rgb(232, 232, 232)","rgb(232, 232, 232)","rgb(232, 232, 232)",0.1,0.08,,,,,0,25,40,45.375465,12.039651,Aegon NV ,Insurance Diversified,0
259,MD_Investm,AEG,8/4/2021,4.26,4.29,4.24,4.26,67,4.24,4.19,4.2,23.68,15.79,47.57,3.92,5.29,5.82,3.5,"rgb(232, 232, 232)","rgb(232, 232, 232)","rgb(232, 232, 232)","rgb(232, 232, 232)","rgb(232, 232, 232)","rgb(232, 232, 232)",0.1,0.08,,,,,0,25,40,45.375465,12.039651,Aegon NV ,Insurance Diversified,0
260,MD_Investm,AEG,8/24/2021,4.94,4.98,4.94,4.98,53,4.94,4.74,4.63,45.65,19.57,34.66,3.92,5.29,5.82,3.5,"rgb(232, 232, 232)","rgb(232, 232, 232)","rgb(232, 232, 232)","rgb(232, 232, 232)","rgb(232, 232, 232)","rgb(232, 232, 232)",0.1,0.08,,,,,0,25,40,45.375465,12.039651,Aegon NV ,Insurance Diversified,0
261,MD_Investm,AGCO,8/16/2021,139.71,140.59,138.05,139.95,59,138.84,134.89,134.21,33.97,26.92,17.62,120.26,143.44,159.26,106.07,"rgb(232, 232, 232)","rgb(255, 0, 0)","rgb(232, 232, 232)","rgb(232, 232, 232)","rgb(232, 232, 232)","rgb(232, 232, 232)",3.44,2,,,,,0,25,40,38.414767,15.665116,AGCO Corporation,Farm and Construction Machinery,0
262,MD_Investm,AGCO,10/29/2021,122.8,124.12,120.48,122.21,6,126.06,125.27,125.02,10.13,30.38,4.64,120.26,143.44,159.26,106.07,"rgb(232, 232, 232)","rgb(255, 0, 0)","rgb(232, 232, 232)","rgb(232, 232, 232)","rgb(232, 232, 232)","rgb(232, 232, 232)",3.44,2,,,,,0,25,40,38.414767,15.665116,AGCO Corporation,Farm and Construction Machinery,0
263,MD_Investm,AGEN,6/21/2021,5.28,5.33,5.16,5.3,98,5.22,4.89,4.58,42.86,10.53,50.54,3.8,6.64,7.47,3.11,"rgb(232, 232, 232)","rgb(232, 232, 232)","rgb(232, 232, 232)","rgb(232, 232, 232)","rgb(232, 232, 232)","rgb(232, 232, 232)",0.23,7.4,,,,,0,25,40,33.135348,12.955697,Agenus Inc,Biotechnology,0
264,MD_Investm,AGEN,7/19/2021,5.38,5.56,5.28,5.47,79,5.5,5.46,5.29,10.71,22.32,-7.63,3.8,6.64,7.47,3.11,"rgb(232, 232, 232)","rgb(232, 232, 232)","rgb(232, 232, 232)","rgb(232, 232, 232)","rgb(232, 232, 232)","rgb(232, 232, 232)",0.23,7.4,,,,,0,25,40,33.135348,12.955697,Agenus Inc,Biotechnology,0
265,MD_Investm,AGEN,9/16/2021,5.36,5.58,5.33,5.57,37,5.88,5.91,5.8,10.12,47.62,-0.65,3.8,6.64,7.47,3.11,"rgb(232, 232, 232)","rgb(255, 0, 0)","rgb(232, 232, 232)","rgb(232, 232, 232)","rgb(232, 232, 232)","rgb(232, 232, 232)",0.23,7.4,,,,,0,25,40,33.135348,12.955697,Agenus Inc,Biotechnology,0
266,MD_Investm,AGFS,6/18/2021,2.07,2.1,2.04,2.07,99,2.12,2.14,2.13,7.89,26.32,-13.35,1.84,2.26,2.68,1.63,"rgb(232, 232, 232)","rgb(255, 0, 0)","rgb(232, 232, 232)","rgb(232, 232, 232)","rgb(232, 232, 232)","rgb(232, 232, 232)",0.06,1.98,AgroFresh Solutions Inc,11/10/2021,After Market Close,-0.01,0,25,40,28.286395,5.780116,AgroFresh Solutions Inc,Conglomerates,0
267,MD_Investm,AGFS,7/8/2021,2.03,2.03,1.98,2.02,86,2.05,2.07,2.09,6.9,27.59,-49.41,1.84,2.26,2.68,1.63,"rgb(232, 232, 232)","rgb(255, 0, 0)","rgb(232, 232, 232)","rgb(232, 232, 232)","rgb(232, 232, 232)","rgb(232, 232, 232)",0.06,1.98,AgroFresh Solutions Inc,11/10/2021,After Market Close,-0.01,0,25,40,28.286395,5.780116,AgroFresh Solutions Inc,Conglomerates,0
268,MD_Investm,AGFS,7/14/2021,1.97,2.02,1.94,2,82,2.02,2.04,2.07,2.78,19.44,-43.32,1.84,2.26,2.68,1.63,"rgb(232, 232, 232)","rgb(255, 0, 0)","rgb(232, 232, 232)","rgb(232, 232, 232)","rgb(232, 232, 232)","rgb(232, 232, 232)",0.06,1.98,AgroFresh Solutions Inc,11/10/2021,After Market Close,-0.01,0,25,40,28.286395,5.780116,AgroFresh Solutions Inc,Conglomerates,0
269,MD_Investm,AGFS,10/28/2021,2.01,2.06,1.97,2.05,7,2.06,2.1,2.1,1.82,32.73,-92.79,1.84,2.26,2.68,1.63,"rgb(232, 232, 232)","rgb(255, 0, 0)","rgb(232, 232, 232)","rgb(232, 232, 232)","rgb(232, 232, 232)","rgb(232, 232, 232)",0.06,1.98,AgroFresh Solutions Inc,11/10/2021,After Market Close,-0.01,0,25,40,28.286395,5.780116,AgroFresh Solutions Inc,Conglomerates,0
270,MD_Investm,AGFY,8/3/2021,19.08,19.55,18.01,19.45,68,19.21,17.62,16.58,27.29,6.16,77.58,9.59,31.38,39.53,8.37,"rgb(232, 232, 232)","rgb(255, 0, 0)","rgb(232, 232, 232)","rgb(232, 232, 232)","rgb(232, 232, 232)","rgb(232, 232, 232)",1.44,6.53,Agrify Corp,11/10/2021,Before Market Open,-0.3,0,25,40,37.545411,7.850117,,,0
271,MD_Investm,AGFY,8/25/2021,30.08,31.6,27.44,27.8,52,28.92,26.07,24.05,23.45,17.82,35.02,9.59,31.38,39.53,8.37,"rgb(232, 232, 232)","rgb(255, 0, 0)","rgb(232, 232, 232)","rgb(232, 232, 232)","rgb(232, 232, 232)","rgb(232, 232, 232)",1.44,6.53,Agrify Corp,11/10/2021,Before Market Open,-0.3,0,25,40,37.545411,7.850117,,,0
272,MD_Investm,AGG,7/27/2021,116.35,116.4,116.27,116.38,73,116.27,116.04,115.86,34.91,13.02,38.71,113.97,116.56,128.51,102.46,"rgb(232, 232, 232)","rgb(77, 167, 75)","rgb(232, 232, 232)","rgb(232, 232, 232)","rgb(232, 232, 232)","rgb(232, 232, 232)",0.55,0,,,,,0,25,40,39.755697,19.431511,iShares Core US Aggregate Bond ETF,ETF,0
273,MD_Investm,AGG,9/3/2021,115.84,115.89,115.77,115.85,45,115.92,115.88,115.99,21.67,33.33,5.86,113.97,116.56,128.51,102.46,"rgb(232, 232, 232)","rgb(255, 0, 0)","rgb(232, 232, 232)","rgb(232, 232, 232)","rgb(232, 232, 232)","rgb(232, 232, 232)",0.55,0,,,,,0,25,40,39.755697,19.431511,iShares Core US Aggregate Bond ETF,ETF,0
274,MD_Investm,AGG,10/4/2021,114.92,115.03,114.8,114.92,25,115.09,115.35,115.44,18.18,30.77,-46.05,113.97,116.56,128.51,102.46,"rgb(232, 232, 232)","rgb(232, 232, 232)","rgb(232, 232, 232)","rgb(232, 232, 232)","rgb(232, 232, 232)","rgb(232, 232, 232)",0.55,0,,,,,0,25,40,39.755697,19.431511,iShares Core US Aggregate Bond ETF,ETF,0
275,MD_Investm,AGG,10/6/2021,114.68,114.73,114.59,114.7,23,114.84,115.21,115.31,12.98,35.11,-38.76,113.97,116.56,128.51,102.46,"rgb(232, 232, 232)","rgb(255, 0, 0)","rgb(232, 232, 232)","rgb(232, 232, 232)","rgb(232, 232, 232)","rgb(232, 232, 232)",0.55,0,,,,,0,25,40,39.755697,19.431511,iShares Core US Aggregate Bond ETF,ETF,0
276,MD_Investm,AGG,10/21/2021,114.01,114.04,113.84,113.84,12,114.13,114.32,114.63,16.67,50,-3.06,113.97,116.56,128.51,102.46,"rgb(232, 232, 232)","rgb(255, 0, 0)","rgb(232, 232, 232)","rgb(255, 255, 0)","rgb(255, 255, 0)","rgb(255, 255, 0)",0.55,0,,,,,0,25,40,39.755697,19.431511,iShares Core US Aggregate Bond ETF,ETF,0
277,MD_Investm,AIT,8/18/2021,89.85,91.05,88.29,88.31,57,88.69,88.29,88.36,21.27,21.35,0.46,81.43,100.17,113.77,72.84,"rgb(232, 232, 232)","rgb(255, 0, 0)","rgb(232, 232, 232)","rgb(232, 232, 232)","rgb(232, 232, 232)","rgb(232, 232, 232)",4.75,1.21,,,,,0,25,40,30.784418,14.424534,Applied Industrial Technologies Inc,Industrial Equipment Wholesale,0
278,MD_Investm,AIV,6/23/2021,7.44,7.49,7.38,7.4,96,7.45,7.36,7.23,8.7,17.39,-29.15,6.44,7.72,8.91,5.63,"rgb(232, 232, 232)","rgb(232, 232, 232)","rgb(232, 232, 232)","rgb(232, 232, 232)","rgb(232, 232, 232)","rgb(232, 232, 232)",0.3,3.17,,,,,0,25,40,28.537093,15.108372,Apartment Investment and Management Company,REIT,0
279,MD_Investm,AIZ,6/28/2021,158.4,158.4,155.8,156.56,93,155.99,158.17,157.87,24.98,14.02,-20.7,151.62,170.25,189.44,134.9,"rgb(232, 232, 232)","rgb(232, 232, 232)","rgb(232, 232, 232)","rgb(232, 232, 232)","rgb(232, 232, 232)","rgb(232, 232, 232)",6.32,1.14,,,,,0,25,40,30.677209,10.738255,Assurant Inc,Accident and Health Insurance,0
280,MD_Investm,AIZ,9/16/2021,164.22,164.22,161.5,162.92,37,165.7,165.72,164.31,7.23,48.17,-31.59,151.62,170.25,189.44,134.9,"rgb(232, 232, 232)","rgb(255, 0, 0)","rgb(232, 232, 232)","rgb(232, 232, 232)","rgb(232, 232, 232)","rgb(232, 232, 232)",6.32,1.14,,,,,0,25,40,30.677209,10.738255,Assurant Inc,Accident and Health Insurance,0
281,MD_Investm,AIZ,10/13/2021,161.26,161.39,158.13,160.18,18,160.41,160.4,162.33,12.41,29.15,11.71,151.62,170.25,189.44,134.9,"rgb(232, 232, 232)","rgb(255, 0, 0)","rgb(232, 232, 232)","rgb(232, 232, 232)","rgb(232, 232, 232)","rgb(232, 232, 232)",6.32,1.14,,,,,0,25,40,30.677209,10.738255,Assurant Inc,Accident and Health Insurance,0
282,MD_Investm,AIZ,10/18/2021,161.83,162.75,161.83,162.45,15,162.11,161.31,162.94,28.63,20.87,19.39,151.62,170.25,189.44,134.9,"rgb(232, 232, 232)","rgb(77, 167, 75)","rgb(232, 232, 232)","rgb(232, 232, 232)","rgb(232, 232, 232)","rgb(232, 232, 232)",6.32,1.14,,,,,0,25,40,30.677209,10.738255,Assurant Inc,Accident and Health Insurance,0
283,MD_Investm,AJG,7/23/2021,142.16,143.31,142.12,143.05,75,141.22,141.45,141.87,46.42,7.09,4.5,137.18,164.37,185.35,121.95,"rgb(232, 232, 232)","rgb(232, 232, 232)","rgb(232, 232, 232)","rgb(232, 232, 232)","rgb(232, 232, 232)","rgb(232, 232, 232)",3.44,0,,,,,0,25,40,32.816395,10.884186,Arthur J Gallagher Co,Insurance Brokers,0
284,MD_Investm,AJG,8/9/2021,139.25,140.35,138.54,140.31,64,139.4,139.86,140.1,21.89,16.44,14.64,137.18,164.37,185.35,121.95,"rgb(232, 232, 232)","rgb(255, 255, 0)","rgb(232, 232, 232)","rgb(232, 232, 232)","rgb(232, 232, 232)","rgb(232, 232, 232)",3.44,0,,,,,0,25,40,32.816395,10.884186,Arthur J Gallagher Co,Insurance Brokers,0
285,MD_Investm,AJRD,6/15/2021,49.75,49.75,49.24,49.34,102,49.12,48.77,48.48,38.32,2.8,33.36,41.1,49.5,54.82,35.87,"rgb(232, 232, 232)","rgb(232, 232, 232)","rgb(232, 232, 232)","rgb(232, 232, 232)","rgb(232, 232, 232)","rgb(232, 232, 232)",0.99,7.88,,,,,0,25,40,40.743023,5.620697,Aerojet Rocketdyne Holdings Inc ,Aerospace Defense Major Diversified,0
286,MD_Investm,AJRD,6/16/2021,49.35,49.35,49.07,49.2,101,49.1,48.77,48.45,32.66,11.06,23,41.1,49.5,54.82,35.87,"rgb(232, 232, 232)","rgb(255, 0, 0)","rgb(232, 232, 232)","rgb(232, 232, 232)","rgb(232, 232, 232)","rgb(232, 232, 232)",0.99,7.88,,,,,0,25,40,40.743023,5.620697,Aerojet Rocketdyne Holdings Inc ,Aerospace Defense Major Diversified,0
287,MD_Investm,AJRD,6/23/2021,48.21,48.42,48.1,48.31,96,48.66,48.53,48.23,8.92,32.39,-13.31,41.1,49.5,54.82,35.87,"rgb(232, 232, 232)","rgb(255, 0, 0)","rgb(232, 232, 232)","rgb(232, 232, 232)","rgb(232, 232, 232)","rgb(232, 232, 232)",0.99,7.88,,,,,0,25,40,40.743023,5.620697,Aerojet Rocketdyne Holdings Inc ,Aerospace Defense Major Diversified,0
288,MD_Investm,AJRD,7/8/2021,48.01,48.07,47.54,47.66,86,47.95,48.18,48.13,13.53,43.53,-22.15,41.1,49.5,54.82,35.87,"rgb(232, 232, 232)","rgb(255, 0, 0)","rgb(232, 232, 232)","rgb(255, 255, 0)","rgb(255, 255, 0)","rgb(255, 255, 0)",0.99,7.88,,,,,0,25,40,40.743023,5.620697,Aerojet Rocketdyne Holdings Inc ,Aerospace Defense Major Diversified,54.82
289,MD_Investm,AJRD,7/13/2021,47.12,47.31,47.02,47.15,83,47.59,47.83,47.9,6.49,42.7,-10,41.1,49.5,54.82,35.87,"rgb(232, 232, 232)","rgb(255, 0, 0)","rgb(232, 232, 232)","rgb(255, 255, 0)","rgb(255, 255, 0)","rgb(255, 255, 0)",0.99,7.88,,,,,0,25,40,40.743023,5.620697,Aerojet Rocketdyne Holdings Inc ,Aerospace Defense Major Diversified,0
290,MD_Investm,AJRD,9/30/2021,43.5,43.72,43.3,43.55,27,42.89,42.87,42.79,32.36,6.52,21.83,41.1,49.5,54.82,35.87,"rgb(232, 232, 232)","rgb(77, 167, 75)","rgb(232, 232, 232)","rgb(232, 232, 232)","rgb(232, 232, 232)","rgb(232, 232, 232)",0.99,7.88,,,,,0,25,40,40.743023,5.620697,Aerojet Rocketdyne Holdings Inc ,Aerospace Defense Major Diversified,0
291,MD_Investm,AJRD,10/8/2021,42.46,45,42.46,43.5,21,43.07,42.74,42.79,35.01,17.36,2.75,41.1,49.5,54.82,35.87,"rgb(232, 232, 232)","rgb(232, 232, 232)","rgb(232, 232, 232)","rgb(232, 232, 232)","rgb(232, 232, 232)","rgb(232, 232, 232)",0.99,7.88,,,,,0,25,40,40.743023,5.620697,Aerojet Rocketdyne Holdings Inc ,Aerospace Defense Major Diversified,0
292,MD_Investm,AGNC,10/29/2021,15.85,15.96,15.79,15.92,6,16.19,16.1,16.06,9.32,50.85,1.68,15.62,17.18,20,14.06,"rgb(232, 232, 232)","rgb(255, 0, 0)","rgb(232, 232, 232)","rgb(232, 232, 232)","rgb(232, 232, 232)","rgb(232, 232, 232)",0.25,2.38,,,,,0,25,40,35.73186,11.448953,AGNC Investment Corp,REIT,0
293,MD_Investm,AGO,6/15/2021,46.15,47.65,45.97,47.12,102,47.21,47.12,47.54,11.33,22.67,-20.49,44.81,56.18,62.65,39.91,"rgb(232, 232, 232)","rgb(255, 0, 0)","rgb(232, 232, 232)","rgb(232, 232, 232)","rgb(232, 232, 232)","rgb(232, 232, 232)",2.14,3.15,,,,,0,25,40,37.656279,9.536511,Assured Guaranty Ltd,Insurance Specialty,0
294,MD_Investm,AGO,6/21/2021,45.5,46.38,45.43,46.38,98,46.53,46.75,46.92,12.91,29.22,-16.67,44.81,56.18,62.65,39.91,"rgb(232, 232, 232)","rgb(232, 232, 232)","rgb(232, 232, 232)","rgb(232, 232, 232)","rgb(232, 232, 232)","rgb(232, 232, 232)",2.14,3.15,,,,,0,25,40,37.656279,9.536511,Assured Guaranty Ltd,Insurance Specialty,0
295,MD_Investm,AGO,7/27/2021,46.78,47.05,46.4,46.65,73,46.53,46.74,46.73,20.62,21.54,1.45,44.81,56.18,62.65,39.91,"rgb(232, 232, 232)","rgb(255, 255, 0)","rgb(232, 232, 232)","rgb(232, 232, 232)","rgb(232, 232, 232)","rgb(232, 232, 232)",2.14,3.15,,,,,0,25,40,37.656279,9.536511,Assured Guaranty Ltd,Insurance Specialty,0
296,MD_Investm,AGO,7/30/2021,47.69,48.65,47.67,47.81,70,47.28,47.24,47.21,30.29,17,19.54,44.81,56.18,62.65,39.91,"rgb(255, 255, 0)","rgb(77, 167, 75)","rgb(232, 232, 232)","rgb(232, 232, 232)","rgb(232, 232, 232)","rgb(232, 232, 232)",2.14,3.15,,,,,0,25,40,37.656279,9.536511,Assured Guaranty Ltd,Insurance Specialty,0
297,MD_Investm,AGO,8/2/2021,47.81,49.28,47.81,48.03,69,47.48,47.33,47.33,42.47,16.99,22.92,44.81,56.18,62.65,39.91,"rgb(232, 232, 232)","rgb(77, 167, 75)","rgb(232, 232, 232)","rgb(232, 232, 232)","rgb(232, 232, 232)","rgb(232, 232, 232)",2.14,3.15,,,,,0,25,40,37.656279,9.536511,Assured Guaranty Ltd,Insurance Specialty,0
298,MD_Investm,AGO,8/5/2021,48,48.59,47.81,48.35,66,47.9,47.54,47.52,28.52,15.21,36.98,44.81,56.18,62.65,39.91,"rgb(232, 232, 232)","rgb(77, 167, 75)","rgb(232, 232, 232)","rgb(232, 232, 232)","rgb(232, 232, 232)","rgb(232, 232, 232)",2.14,3.15,,,,,0,25,40,37.656279,9.536511,Assured Guaranty Ltd,Insurance Specialty,0
299,MD_Investm,AGO,9/10/2021,47.78,48.27,46.66,46.78,41,47.59,48.17,47.93,11.65,25.74,-43.81,44.81,56.18,62.65,39.91,"rgb(232, 232, 232)","rgb(255, 0, 0)","rgb(232, 232, 232)","rgb(232, 232, 232)","rgb(232, 232, 232)","rgb(232, 232, 232)",2.14,3.15,,,,,0,25,40,37.656279,9.536511,Assured Guaranty Ltd,Insurance Specialty,0
300,MD_Investm,AGO,9/16/2021,47.2,47.45,46.77,46.89,37,47.06,47.88,47.97,10.02,15.23,-26.63,44.81,56.18,62.65,39.91,"rgb(232, 232, 232)","rgb(232, 232, 232)","rgb(232, 232, 232)","rgb(232, 232, 232)","rgb(232, 232, 232)","rgb(232, 232, 232)",2.14,3.15,,,,,0,25,40,37.656279,9.536511,Assured Guaranty Ltd,Insurance Specialty,0
